Pulsus Crimson,2,0,0,0,0,0,0,0,0,0,0,0,0,0,0,0,0,1,1,1,2,1,1,0,0,0,0,0,0,0,0,0,1,1,0,0,0,0
Clockwork Grey,2,0,1,2,1,1,0,0,0,0,0,0,0,0,0,0,0,0,0,0,0,0,0,0,1,1,0,0,0,1,1,0,1,2,1,0,0,0
Imperator DT5 Saffron,3,0,0,1,1,1,0,0,0,0,0,0,0,0,0,1,1,0,1,1,0,0,0,0,1,1,0,0,0,0,0,0,2,2,1,1,1,0
ARA-51 Lime,3,1,0,0,0,0,0,0,0,0,0,0,0,0,0,0,0,0,0,0,0,0,0,0,0,0,0,0,0,0,0,0,1,1,0,0,0,1
Nipper,22,22,20,17,1,16,18,21,18,4,2,2,3,3,2,5,5,6,7,7,4,2,2,3,4,3,16,14,16,5,3,2,6,3,2,18,1,4
Octane Sky Blue,4,5,8,6,9,8,8,4,3,6,7,6,5,10,11,10,10,13,14,10,9,6,8,10,9,10,9,8,13,13,6,5,5,4,9,10,7,9
Octane Crimson,3,5,8,5,7,8,8,6,6,7,7,9,6,11,12,13,13,16,16,13,11,7,11,11,8,7,11,10,12,8,15,15,8,8,6,7,10,9
Octane Grey,3,2,2,2,3,3,4,7,5,3,4,3,2,2,3,3,2,3,3,4,4,6,6,4,3,3,5,3,4,5,2,2,2,1,3,2,2,3
Octane Burnt Sienna,5,3,5,4,2,2,4,2,2,3,2,2,3,5,5,4,3,3,2,0,0,1,1,1,1,3,2,1,3,4,2,0,1,0,4,8,3,3
Player’s Choice Crate 1,14,40,45,48,20,26,40,32,31,37,41,40,48,55,62,62,46,43,32,18,16,23,31,43,30,11,17,21,22,78,82,34,48,39,13,14,39,52
Triumph Crate,283,313,307,303,269,295,265,368,275,283,291,300,262,154,151,191,175,192,176,197,175,245,291,307,115,169,170,179,151,152,341,420,372,255,281,407,252,261
FSL Titanium White,1,0,0,0,1,1,14,13,14,14,14,14,1,2,1,1,1,1,1,13,13,13,0,0,0,1,1,1,1,1,0,1,1,0,1,1,0,0
Spiralis Titanium White,1,0,2,2,2,1,1,1,1,1,1,1,1,1,4,4,4,4,5,4,4,4,3,3,3,4,5,5,5,5,6,4,4,5,5,4,4,3
Spiralis Crimson,2,2,1,0,1,1,1,0,0,0,0,0,0,1,1,1,1,1,1,0,1,1,1,0,1,1,0,0,0,0,0,0,0,0,1,1,0,0
Zomba Grey,3,2,1,2,3,3,4,2,3,2,2,2,1,2,2,2,1,2,2,1,2,1,1,1,2,3,2,0,0,2,2,0,1,3,3,3,1,1
Apex,7,5,5,5,6,7,6,3,3,3,3,3,3,2,2,2,2,1,0,2,3,4,4,2,2,2,2,2,1,1,5,7,7,5,6,6,4,4
Gaiden Forest Green,2,1,1,2,2,2,2,2,2,1,0,0,0,0,0,0,0,0,0,0,0,0,0,0,0,0,0,2,2,2,0,0,1,2,2,2,1,1
Samurai Pink,2,1,0,0,0,0,0,0,1,1,1,2,2,2,2,2,2,1,1,1,0,0,0,0,0,0,0,0,0,0,0,0,0,0,0,0,0,0
Toon Sketch Lime,1,0,0,1,1,0,0,1,2,2,3,3,3,2,1,1,0,0,1,1,1,2,1,1,0,2,2,2,0,0,0,0,1,0,0,0,1,1
Vector,7,1,2,1,1,1,2,3,3,3,2,2,1,1,0,0,1,1,0,0,0,0,0,0,2,3,3,1,2,0,0,1,3,0,1,2,1,1
Snakeskin,9,9,15,5,3,3,9,13,11,14,7,8,7,4,3,3,2,3,3,5,6,5,4,0,5,6,6,5,7,6,2,1,8,2,6,13,1,0
Septem Grey,1,0,0,0,0,0,0,0,0,0,0,0,0,0,0,0,1,1,1,1,1,0,0,0,0,0,0,0,0,0,0,0,0,1,1,1,0,0
Foam Hat Forest Green,1,0,0,0,0,0,0,0,0,0,0,0,0,0,0,0,0,1,1,1,1,0,0,0,0,0,0,0,0,0,0,0,0,0,0,0,0,0
Comet Cobalt,1,0,0,0,0,0,0,0,0,0,0,0,0,0,0,0,0,0,0,0,0,0,0,0,1,1,0,0,0,0,0,0,0,0,0,0,0,0
Draco,7,7,5,9,7,6,3,4,3,5,6,11,12,11,12,13,14,11,10,9,7,6,7,4,5,5,4,4,4,5,6,4,3,4,7,6,3,2
Xenosplash,4,3,3,2,1,2,1,5,6,6,5,8,8,6,6,6,6,3,2,2,1,0,4,5,5,2,2,4,3,1,2,1,0,0,1,1,1,0
Salty,1,2,2,1,2,2,2,1,1,0,0,0,1,1,1,1,1,2,1,1,1,1,1,1,1,2,3,3,3,0,1,1,1,0,1,1,0,0
Shooting Star,2,1,2,2,2,2,2,1,1,1,0,0,0,0,0,1,1,2,2,2,2,3,4,4,4,2,3,2,1,1,1,1,1,1,1,0,3,2
WWE WrestleMania 34,3,2,1,1,1,2,2,2,2,2,2,2,4,6,5,5,6,6,3,2,2,2,2,6,6,4,4,4,2,0,1,1,0,1,1,0,1,2
Tagged,1,0,1,1,1,1,1,0,0,0,0,0,0,0,0,0,0,1,1,1,1,1,0,0,0,0,0,0,0,0,0,0,0,2,2,0,0,0
Endo Saffron,2,0,1,1,1,1,1,0,1,1,2,2,2,2,1,1,0,1,1,1,1,1,1,1,1,2,2,1,1,0,1,1,1,1,1,1,0,0
Little Bow Grey,1,0,1,1,1,1,1,0,0,0,0,0,0,0,0,0,0,1,1,1,1,1,1,1,1,1,1,1,1,0,0,0,0,0,0,0,0,0
Friction,1,1,2,2,2,2,2,2,2,2,2,2,1,0,0,0,0,1,1,1,1,1,1,1,1,3,3,2,1,0,0,0,0,1,2,2,0,0
Lone Wolf Cobalt,1,0,1,1,1,1,1,0,0,0,0,0,0,0,0,0,0,1,1,1,1,1,1,1,1,1,1,1,1,0,0,0,0,0,0,1,1,0
Centio V17,4,0,2,3,6,6,4,3,5,4,5,5,5,6,4,4,4,5,6,3,3,2,1,1,4,5,2,3,6,3,0,2,2,1,4,2,2,2
WWE,4,5,5,4,3,2,3,2,4,4,3,3,5,8,6,8,11,12,9,10,11,9,7,10,10,6,7,11,9,2,2,5,4,4,2,6,4,2
Werewolf Titanium White,1,0,1,2,1,2,1,3,2,2,2,3,3,1,1,1,1,1,1,1,1,1,1,1,1,1,1,3,3,2,1,1,1,1,2,2,3,4
Halo Pink,1,0,0,1,1,0,0,0,1,1,1,1,1,1,0,0,0,0,0,0,0,0,0,0,1,1,0,0,0,0,0,0,0,0,0,1,0,0
Kalos,6,2,2,5,5,4,2,2,2,2,2,2,2,2,1,1,3,3,4,3,4,3,4,4,7,5,0,2,4,2,0,0,0,1,3,1,0,2
Sparkles Saffron,2,0,0,0,0,0,0,0,0,0,0,0,0,0,0,0,2,2,2,2,2,0,0,0,2,2,0,0,0,0,1,1,1,2,1,1,2,2
Unicorn Forest Green,1,0,0,0,0,0,0,0,0,0,0,0,0,0,0,0,0,0,0,0,0,0,0,0,0,0,0,0,0,0,0,1,1,0,0,0,0,1
Mariachi Hat Titanium White,2,1,1,0,1,1,0,0,1,1,1,1,1,1,0,1,1,1,1,1,1,1,1,1,0,1,0,0,2,2,1,0,1,2,1,1,0,1
Biomass,26,29,27,14,17,21,23,22,21,26,27,24,23,28,26,23,24,28,21,13,16,17,18,22,15,9,13,20,24,24,26,23,27,21,17,36,32,22
Tora,16,10,12,12,16,14,9,6,8,7,11,9,9,13,12,11,10,10,9,9,7,10,8,14,11,10,14,21,16,17,27,19,17,12,13,19,26,18
Aether Sky Blue,3,2,2,2,4,4,6,5,5,5,4,4,2,0,0,0,0,0,0,0,1,3,5,5,3,2,2,1,1,0,0,1,3,2,1,3,1,2
Nipper Cobalt,1,0,1,1,1,1,2,1,2,3,3,3,3,2,2,2,1,1,1,1,1,1,1,1,1,0,0,0,0,0,0,0,1,1,1,2,2,2
Wonderment Forest Green,3,0,1,3,2,2,1,1,1,1,1,1,1,0,0,0,0,0,0,0,0,0,1,1,2,2,1,2,1,1,1,0,1,2,1,1,1,1
Voltaic Crimson,4,1,1,3,3,3,2,2,2,2,1,1,1,3,4,4,4,4,5,3,1,2,2,2,1,2,2,1,1,0,7,8,3,4,3,5,2,1
Spiralis Forest Green,2,0,1,1,0,0,1,1,1,1,1,1,1,0,0,0,0,0,0,0,0,0,2,2,4,3,1,0,0,2,2,0,1,2,1,1,1,0
Octane Purple,4,1,3,4,2,3,5,4,4,4,5,4,4,5,5,4,3,2,1,1,1,2,1,1,3,5,3,3,6,6,2,1,2,3,2,2,1,3
Draco Purple,7,4,3,4,6,5,5,4,5,4,4,3,3,4,4,3,2,2,3,4,4,4,2,3,5,4,2,4,5,3,1,2,3,1,3,3,5,2
Equalizer Black,3,4,5,8,8,6,7,5,8,8,6,5,7,8,4,4,3,4,2,1,1,1,1,4,6,4,3,2,3,4,4,3,3,5,8,3,4,3
Comet,2,2,1,0,0,2,2,2,0,1,0,1,1,1,1,0,1,2,2,2,1,2,1,1,0,0,0,1,0,1,1,1,1,0,0,0,1,2
Lightning Sky Blue,1,0,1,2,1,1,1,1,1,0,0,1,1,2,2,2,2,1,1,0,0,0,0,0,1,2,2,0,0,0,0,0,1,0,2,2,1,2
Toon Sketch Purple,1,1,2,1,1,0,0,0,0,0,0,1,2,2,2,2,2,1,0,0,0,0,0,2,2,1,1,2,1,0,0,0,0,0,0,0,0,1
Toon Sketch Cobalt,2,1,1,0,0,1,1,2,1,1,1,1,1,0,0,0,0,0,0,0,0,0,0,1,2,1,0,1,1,0,0,0,0,0,0,0,1,1
Atomizer,2,4,3,3,5,6,5,5,5,4,3,4,4,4,5,5,5,5,6,8,9,6,6,4,2,5,7,7,6,7,3,3,1,5,2,3,4,8
Labyrinth,8,8,10,13,14,12,10,9,11,13,16,16,15,18,15,15,12,12,14,9,10,14,18,15,12,8,8,9,11,11,16,10,5,6,8,21,24,15
Offer,26,19,16,14,16,18,19,19,18,21,20,21,17,16,10,7,7,7,10,9,12,10,12,12,12,6,27,30,32,26,24,18,11,25,28,29,11,15
Butterflies,3,2,6,8,4,5,7,6,5,6,6,5,4,4,6,5,5,4,4,4,2,2,4,3,5,6,4,2,3,4,5,3,3,4,6,5,6,6
Doughnut Purple,1,0,0,2,2,2,0,0,0,0,0,1,1,1,1,1,1,0,1,1,2,2,2,2,0,0,0,0,0,0,2,2,0,0,2,2,1,0
Fantasmo,3,2,2,2,3,4,4,3,3,1,0,0,1,1,3,4,4,4,3,3,2,2,5,5,4,2,9,9,4,4,2,4,6,2,4,3,2,4
Hammerhead,2,1,1,1,2,2,2,1,1,1,0,0,0,0,0,0,0,0,0,0,0,1,1,1,0,0,0,0,0,0,0,1,2,0,1,1,1,1
Hexphase,5,2,2,3,2,2,2,4,4,5,4,3,3,2,1,2,3,4,5,5,5,2,2,3,5,4,3,1,3,4,3,1,0,1,5,3,0,1
Toon,6,5,4,3,6,6,5,4,6,7,8,9,11,11,14,12,13,12,8,7,5,2,2,2,3,4,6,8,11,7,4,3,2,2,5,6,11,6
Diomedes Saffron,1,0,0,0,0,0,0,0,0,0,0,0,0,0,0,0,0,0,0,0,0,0,0,0,0,1,1,0,0,0,0,0,0,0,0,0,0,0
Cromulon Cobalt,2,1,0,0,0,0,0,0,0,1,2,3,3,3,3,2,1,0,1,2,2,2,1,1,1,1,0,0,0,0,0,0,0,0,1,1,0,0
Spring Fever Crate,252,146,144,77,82,77,111,87,106,74,55,68,85,88,98,98,116,99,87,105,78,39,51,67,135,125,56,124,148,159,105,122,80,113,41,147,146,125
Imperator DT5,3,3,2,1,2,3,4,3,4,4,4,3,3,3,4,4,4,5,5,3,1,5,6,7,3,2,4,5,3,3,4,4,3,2,3,5,1,0
Sad Strawberry,1,0,0,0,0,0,0,0,0,0,0,0,0,0,0,0,0,0,0,0,0,0,0,0,0,0,0,0,0,0,0,0,0,0,0,0,0,0
Draco Sky Blue,1,1,3,4,3,3,3,2,2,2,2,2,2,5,5,5,4,5,4,3,3,2,4,5,6,3,5,5,3,4,3,2,2,2,6,1,3,2
Draco Burnt Sienna,3,2,3,3,1,2,1,2,2,2,3,3,3,2,2,2,0,0,1,1,1,1,0,0,2,2,2,1,2,2,2,1,2,1,2,3,3,3
Draco Orange,1,0,0,0,1,1,1,2,2,2,3,3,1,1,1,1,0,2,2,2,2,2,0,0,2,3,1,1,1,1,1,0,1,1,2,1,0,0
Draco Cobalt,4,0,0,0,0,0,0,1,1,2,3,4,4,4,4,5,3,2,2,2,2,1,0,0,1,1,0,0,0,1,2,1,2,2,1,2,1,2
Draco Black,1,1,1,1,2,3,3,4,4,3,3,2,2,1,1,2,3,3,3,3,4,2,2,1,3,3,2,2,4,4,2,1,0,2,2,2,2,2
Key,6,10,9,21,23,18,12,7,78,9,9,12,13,35,31,31,40,37,34,253,252,252,253,16,17,16,11,9,8,16,17,5,2,12,10,251,4,13
Draco Titanium White,4,4,3,3,4,5,6,6,4,5,6,6,6,9,8,10,9,6,5,5,4,2,6,9,11,23,27,24,7,7,7,6,5,5,9,9,8,9
20XX,45,38,41,32,24,23,31,33,30,32,34,35,35,27,28,29,26,27,24,21,23,21,42,42,46,17,25,33,29,26,47,48,39,32,20,39,42,41
Lightning Titanium White,3,2,7,6,6,1,0,2,2,2,2,4,4,2,2,2,2,0,1,2,3,3,2,1,1,0,0,1,4,3,0,2,4,1,0,2,3,0
Heatwave,71,50,100,87,89,34,34,39,40,34,39,44,40,54,51,52,59,59,51,45,63,55,94,85,83,54,88,88,34,47,65,122,102,53,38,41,62,76
Slipstream,14,13,10,9,13,9,11,11,12,13,14,13,12,16,17,14,15,16,15,12,14,13,27,22,20,20,35,35,21,22,22,37,29,10,10,22,29,32
Apex Sky Blue,2,1,0,0,0,0,0,0,0,0,1,1,1,2,2,2,1,1,1,1,1,0,1,1,1,1,1,1,1,1,1,1,1,1,1,1,0,0
Helios Saffron,1,0,0,0,0,0,0,0,0,0,0,0,0,0,0,0,0,0,0,0,0,0,0,0,0,0,0,0,0,0,0,0,0,0,0,0,0,0
Parallax,22,21,16,16,17,12,14,12,15,16,16,13,11,14,12,12,13,14,16,14,16,18,20,19,18,16,15,20,13,16,27,32,24,20,15,12,17,23
Octane Lime,7,6,5,10,7,7,9,7,7,7,7,6,6,7,7,9,8,6,3,3,3,5,7,7,6,8,8,7,9,6,5,4,3,5,3,0,4,6
Octane Forest Green,4,3,3,5,3,4,6,7,7,7,9,8,7,8,8,9,8,8,6,6,7,5,5,4,5,6,6,6,10,6,2,0,0,5,1,0,0,6
Peppermint Black,1,0,1,1,0,0,0,0,0,0,0,0,0,0,0,0,0,0,0,0,0,0,0,0,0,0,0,0,1,1,0,0,0,0,0,1,1,1
Standard Black,1,0,1,1,0,0,1,2,2,2,2,3,3,1,1,1,2,2,2,3,3,1,2,1,1,1,1,0,0,0,0,0,2,2,0,1,1,0
Wonderment Black,1,0,1,2,2,3,3,2,1,2,2,3,3,4,4,2,2,2,3,1,2,2,1,1,2,3,2,1,2,1,1,1,2,0,3,3,3,2
Wonderment Orange,1,0,0,0,0,0,0,1,1,1,2,2,2,1,1,1,0,0,1,1,1,2,1,1,0,0,0,0,0,0,0,0,0,0,0,0,2,2
Wonderment Grey,2,1,0,2,3,3,2,1,2,1,3,4,4,4,4,4,2,1,0,0,0,0,0,0,2,2,0,0,0,1,1,0,1,1,1,2,1,0
Wonderment Saffron,1,0,0,2,2,1,0,0,0,1,1,1,1,1,1,1,0,0,2,2,2,3,1,1,1,1,0,0,0,2,2,1,2,1,2,2,1,1
Zomba Orange,3,0,1,2,1,1,0,0,0,0,0,0,0,0,0,0,0,0,1,1,2,2,1,1,4,4,2,2,1,4,4,0,4,6,3,1,2,2
Zomba Crimson,2,1,1,2,3,4,4,3,3,3,1,1,1,1,1,1,2,1,1,1,2,1,3,2,3,2,2,1,1,2,2,1,1,1,4,0,0,1
Zomba Forest Green,2,3,2,1,1,1,0,0,0,0,2,2,2,2,2,2,0,1,1,1,1,0,0,1,3,3,2,2,0,3,3,2,5,4,1,0,1,3
Victory Crate,214,229,256,180,147,166,128,157,148,134,134,159,133,116,151,146,157,161,141,170,159,182,152,128,59,40,64,95,98,75,126,157,179,114,169,148,96,206
Spectre,8,8,11,11,11,10,8,5,6,6,9,8,8,8,7,7,5,5,4,2,1,3,6,8,9,8,6,4,6,10,10,9,7,9,7,13,11,13
Party Time,13,9,6,3,4,7,7,4,4,4,4,5,4,5,7,7,8,8,8,6,7,6,7,16,17,8,7,7,7,6,8,8,13,15,12,10,7,8
Storm Watch,5,6,10,5,5,1,4,3,3,4,4,3,3,6,9,8,7,9,8,4,3,2,3,4,5,10,6,6,10,7,8,9,5,4,10,11,6,2
Bubbly,11,7,5,7,8,8,9,8,8,7,8,8,5,10,11,10,9,10,8,7,7,7,17,18,20,11,14,11,8,7,12,16,12,5,5,11,13,14
Chameleon,8,8,6,3,5,8,9,9,5,8,10,8,8,11,10,10,9,11,7,6,7,11,10,8,4,8,11,12,8,10,11,10,8,12,5,7,13,12
Standard Forest Green,2,1,1,2,2,2,3,2,3,3,3,3,2,1,1,1,1,1,1,1,3,2,3,1,1,1,1,0,0,0,0,0,2,2,0,1,0,1
Hexphase Purple,2,1,1,1,2,1,0,0,0,0,0,0,0,0,0,0,0,0,1,1,1,1,0,0,1,1,0,1,1,0,1,2,1,0,0,0,1,0
Doughnut Eater Cobalt,1,0,0,0,0,0,0,0,0,0,0,0,0,0,0,0,0,0,0,0,0,0,0,0,0,0,0,0,0,0,0,0,0,0,0,0,0,0
Triplex Purple,2,1,0,0,0,0,0,0,0,0,1,1,1,1,1,2,1,1,1,2,1,1,1,1,1,1,0,0,0,0,0,0,0,0,0,0,0,0
Dieci Burnt Sienna,1,0,0,0,0,0,0,0,0,0,0,0,0,0,0,0,0,0,0,0,0,0,0,0,0,0,0,0,0,0,0,0,0,0,0,0,0,0
RL Esports,6,4,4,5,6,4,4,3,3,3,3,2,4,4,3,5,4,4,2,2,3,5,6,5,3,4,5,4,0,1,1,1,3,3,0,3,3,3
Septem,3,3,2,2,1,2,1,1,0,1,1,2,2,3,5,5,4,4,4,2,2,2,2,3,3,1,1,0,1,2,1,1,0,2,4,1,1,1
Toon Sketch,6,2,3,2,1,2,6,4,4,4,4,3,2,2,1,3,2,2,3,3,1,2,5,5,5,3,2,6,8,6,2,1,2,5,5,3,3,6
ZT-17,1,1,1,0,0,0,0,0,0,0,0,0,0,0,0,0,0,0,0,0,0,0,0,0,1,1,0,0,0,0,0,0,1,0,0,0,0,0
Toon Sketch Sky Blue,1,0,0,0,0,0,1,2,2,2,2,2,3,2,2,2,2,2,1,0,0,0,0,0,1,1,1,1,0,1,1,0,0,1,0,0,0,0
Alchemist Saffron,1,0,0,0,0,0,0,0,0,0,0,0,0,0,0,0,0,0,0,0,0,0,0,0,0,0,0,0,0,0,0,0,0,1,0,0,0,0
Flamethrower Grey,1,1,1,0,0,0,0,1,1,1,1,1,1,0,0,0,0,0,0,0,0,0,0,0,0,1,1,1,0,0,0,0,0,1,1,1,0,0
Lightning Lime,1,0,0,0,0,0,0,0,0,0,0,0,0,0,0,0,1,1,1,1,1,0,0,0,0,0,0,0,1,2,1,0,0,0,0,0,0,0
Roulette Purple,1,0,0,0,0,0,0,0,0,0,0,0,0,0,0,0,0,0,0,0,0,0,0,0,0,0,0,0,0,0,1,1,0,1,2,0,0,1
Tachyon Orange,1,0,0,0,0,0,0,0,0,0,0,0,0,0,0,0,0,0,0,0,0,0,0,0,0,0,0,0,0,0,0,0,0,0,0,0,0,0
Werewolf Burnt Sienna,1,0,0,0,0,0,0,0,0,0,0,0,0,0,0,0,0,0,0,0,0,0,0,0,0,0,0,0,1,1,0,0,0,0,0,0,0,0
Wizard Hat Orange,3,0,0,0,0,0,0,0,0,0,0,0,0,0,0,0,0,0,0,0,0,0,0,0,0,0,0,0,0,0,0,0,0,1,2,1,0,0
Cauldron Forest Green,1,0,0,1,1,1,0,0,0,0,0,0,0,0,0,0,0,0,0,0,0,0,0,0,0,0,0,0,0,0,0,0,0,0,0,0,0,0
Dueling Dragons,4,1,2,2,3,2,1,1,1,1,1,1,1,2,4,4,4,4,4,3,4,4,5,3,3,4,4,3,4,5,4,2,2,2,3,1,2,5
Razzle,7,5,9,9,6,8,11,12,11,10,11,9,8,8,8,10,9,10,7,8,7,7,10,7,7,4,8,7,6,6,4,5,4,4,2,5,7,7
Callous Bros. Grey,1,1,1,1,1,1,1,0,0,0,0,0,0,0,0,0,0,1,1,1,1,1,1,1,1,1,1,1,1,0,0,0,0,0,0,0,0,0
Magic Missile Cobalt,2,2,1,1,1,1,1,1,1,1,1,1,1,0,0,0,0,3,3,4,4,3,3,2,2,2,1,1,2,1,0,0,0,0,0,0,0,0
Heiwa Titanium White,1,1,1,1,1,1,1,0,0,0,0,0,0,0,0,0,0,1,1,1,1,1,1,1,1,1,1,1,1,0,0,0,0,0,0,0,0,0
Mummified Purple,1,1,1,1,1,1,1,0,0,0,0,0,0,0,0,0,0,1,1,1,1,1,1,1,1,1,1,1,1,0,0,0,0,0,0,0,0,0
Magic Missile Sky Blue,2,1,1,2,2,2,1,1,1,1,1,2,1,1,2,3,3,3,3,4,3,4,3,3,2,5,4,3,2,1,0,0,1,1,1,0,0,1
Sticker Bomb Cobalt,1,1,1,1,1,1,1,0,0,0,0,0,0,0,0,0,0,1,1,1,1,1,1,1,1,1,1,1,1,0,0,0,0,0,0,0,0,0
Sparkles Cobalt,1,1,1,2,2,2,1,0,0,0,0,0,0,0,0,1,2,3,3,3,3,2,2,1,1,3,3,3,2,1,1,0,1,2,0,0,1,1
Scary Pumpkin,2,1,1,1,1,1,1,0,0,0,0,0,0,0,0,0,0,1,1,1,1,1,2,2,2,1,1,1,1,0,0,0,0,0,0,0,0,0
Thanatos Orange,1,1,1,1,1,1,1,0,0,0,0,0,0,0,0,0,0,1,1,1,1,1,1,1,1,1,1,1,1,0,0,0,0,0,0,0,0,0
Hiro Pink,1,0,4,4,1,0,4,5,5,5,5,5,5,5,5,5,5,4,1,1,1,1,1,0,0,1,1,0,1,1,0,0,0,0,1,1,1,1
Kalos Grey,3,2,1,1,1,2,1,1,1,0,0,0,0,0,0,0,0,0,0,0,0,0,0,0,0,0,1,0,1,0,0,0,0,1,0,1,0,0
Gaiden Pink,2,0,0,0,0,0,0,0,0,0,0,0,0,0,0,0,0,0,0,1,1,1,1,1,1,1,0,0,1,1,1,1,1,0,0,0,1,1
Jäger 619 RS Sky Blue,2,1,0,0,0,0,0,0,0,0,0,1,1,1,1,1,3,3,3,3,3,1,1,1,1,1,1,1,0,0,0,0,1,1,0,1,2,2
Illuminata,2,1,1,2,3,3,0,0,0,1,1,2,2,4,5,4,4,3,5,2,2,2,1,1,2,1,1,2,3,1,0,1,1,2,2,0,1,1
Champions Crate 2,5,3,21,23,3,22,23,25,26,6,3,2,2,2,1,1,1,1,1,1,1,2,23,23,23,2,1,0,1,6,6,2,23,21,1,1,1,4
Standard Crimson,3,2,3,4,1,1,3,4,4,4,3,3,3,0,0,0,1,1,1,3,4,3,7,5,5,1,0,0,0,0,1,1,4,4,0,3,1,2
Hellfire,5,8,9,6,4,5,4,5,4,3,4,4,2,4,5,4,6,6,6,6,7,6,7,5,2,4,8,6,8,11,12,15,14,6,8,6,10,9
Voltaic Purple,5,3,1,2,3,3,0,0,0,0,0,0,0,0,0,0,0,0,1,1,1,1,0,0,4,6,2,1,1,1,1,1,2,2,3,0,1,2
Hexed,17,19,18,25,30,25,21,16,16,14,13,11,11,18,17,16,19,21,23,22,23,24,26,29,22,21,28,25,24,28,36,29,25,21,23,30,35,33
Accelerator Crate,215,119,161,131,38,126,140,110,111,70,44,34,40,41,49,47,48,53,24,21,21,20,59,72,121,80,97,87,165,155,118,138,124,156,101,134,123,125
Turbo Crate,109,81,102,85,47,78,86,99,74,51,23,8,10,9,15,15,21,21,19,23,26,16,34,72,117,71,68,10,34,43,58,79,78,63,72,88,142,143
Haunted Hallows Crate,92,21,4,18,17,34,4,21,21,21,19,0,1,1,1,1,1,1,0,0,0,2,2,12,14,6,6,43,34,32,75,68,0,5,5,43,42,0
Nitro Crate,29,31,66,59,17,49,64,62,63,35,27,24,24,26,25,26,29,28,25,12,13,8,37,38,40,21,34,54,47,43,16,49,107,79,34,95,89,112
Overdrive Crate,258,127,103,75,51,78,91,76,57,48,40,40,36,42,47,46,43,21,21,27,24,19,33,71,151,100,82,49,50,41,145,206,173,134,94,266,273,219
Secret Santa Crate,42,11,5,2,0,0,1,1,1,1,1,0,0,0,0,0,0,0,0,0,0,0,1,1,20,70,68,14,18,44,83,79,23,28,18,37,29,17
Nipper Black,3,1,1,1,1,0,2,2,3,3,3,2,1,1,1,2,4,4,4,4,2,0,0,2,2,0,1,1,2,3,4,3,4,4,1,2,15,13
Poly Pop,6,1,0,1,2,5,8,9,6,4,3,3,2,3,4,8,8,8,7,5,5,4,5,3,5,6,2,2,4,6,6,5,4,6,5,8,8,4
Razzle Black,1,0,0,0,0,0,0,0,0,0,0,0,0,0,0,0,0,0,0,0,0,1,2,2,1,0,0,0,0,0,0,0,0,0,0,0,0,0
Spyder Black,1,0,0,0,0,0,0,0,1,1,1,1,1,1,0,0,0,0,0,0,0,0,1,1,1,0,0,0,0,0,0,0,0,0,0,0,0,0
Tunica Black,2,1,2,1,0,0,0,0,0,0,0,0,0,0,0,0,0,0,0,0,0,0,0,1,1,0,5,5,2,0,0,3,2,0,1,0,1,2
Sunburst Black,12,0,0,0,0,0,0,0,0,0,0,1,1,2,2,3,2,2,2,1,2,2,2,2,2,0,0,1,2,1,0,1,1,1,1,2,4,2
K2,2,3,5,6,5,3,1,1,1,1,1,2,5,4,5,6,7,8,5,5,5,3,4,6,8,12,7,5,2,1,4,5,4,3,6,4,1,3
Kaleidoscope,2,0,2,2,3,4,5,3,5,6,7,9,8,7,6,6,4,2,1,0,5,7,8,3,7,7,5,7,7,6,1,4,6,3,4,2,1,2
Lustrum X10 Sky Blue,1,0,0,0,0,0,0,1,1,1,1,1,1,1,1,1,1,1,1,1,1,2,2,1,0,0,0,0,1,1,0,0,0,0,0,0,0,0
Magic Missile,3,3,4,6,1,4,5,4,2,4,4,6,5,6,5,5,5,4,3,2,2,0,1,2,4,4,3,0,4,4,0,2,2,2,5,1,1,3
Photon Forest Green,2,1,0,0,0,0,0,0,0,0,0,0,0,0,0,0,0,0,0,1,1,1,0,0,0,0,0,0,0,0,0,0,0,0,0,0,0,0
Plasma Sky Blue,1,0,1,1,2,1,1,0,0,0,0,0,0,0,1,1,1,1,1,1,0,0,1,1,1,2,2,2,2,1,0,0,0,0,0,0,0,0
Sunburst Titanium White,4,3,1,0,0,0,1,1,1,1,1,2,3,3,3,4,2,2,1,1,1,1,1,1,1,0,1,1,1,2,1,0,0,1,3,0,1,1
Werewolf,7,6,3,3,2,2,2,3,5,5,5,4,3,3,1,2,2,3,3,3,1,3,7,7,5,6,5,3,5,5,6,5,5,7,7,5,7,6
Wonderment Titanium White,1,2,3,3,3,2,3,3,4,4,4,3,3,4,3,3,3,2,3,3,3,2,1,1,1,3,5,2,1,1,1,0,0,0,1,2,4,3
Octane Pink,4,7,7,7,3,3,5,5,5,4,5,4,3,3,5,5,3,3,4,4,4,5,5,3,2,2,2,2,4,4,2,1,1,2,3,2,1,3
Fractal Fire Lime,2,2,1,0,0,0,0,0,0,0,0,0,0,0,0,0,0,0,0,0,0,0,0,0,0,1,1,1,0,0,0,0,0,0,1,1,1,1
Illuminata Titanium White,1,1,1,1,1,1,0,0,0,0,0,0,0,0,0,0,0,0,0,0,0,0,1,1,4,3,0,0,0,0,0,0,0,0,0,0,1,0
Dieci Sky Blue,1,1,1,0,0,0,0,0,0,0,0,0,0,0,0,0,0,0,2,2,2,1,0,0,2,2,0,0,0,0,0,0,0,2,1,0,1,2
Fireplug Cobalt,3,2,1,1,2,1,1,0,0,1,1,1,1,1,1,1,1,1,1,1,1,1,2,2,3,3,1,2,1,1,0,1,1,1,2,0,1,0
Fireplug Titanium White,3,1,0,0,12,12,0,0,0,0,0,1,1,1,2,2,2,3,3,4,3,2,2,1,2,2,2,3,1,2,1,0,1,3,2,1,1,2
Hiro Grey,1,0,2,2,1,0,0,0,0,0,0,0,0,0,0,0,0,1,1,1,1,0,0,0,0,1,1,0,0,0,0,1,1,0,1,0,1,1
Kalos Orange,1,0,0,0,0,0,0,0,0,0,0,0,0,0,0,0,0,0,0,0,0,0,0,0,0,0,0,0,0,0,0,0,0,0,0,0,0,0
Voltaic Titanium White,2,1,0,2,2,1,0,0,1,2,2,2,2,3,3,3,4,4,4,3,3,1,1,2,3,3,3,2,2,0,0,0,1,2,0,0,3,1
Halo Saffron,1,0,0,0,0,0,0,0,1,1,1,1,2,2,1,1,2,2,1,1,1,0,0,0,0,0,0,0,3,3,0,1,1,0,0,0,0,0
Unicorn Pink,1,0,0,0,0,0,0,0,0,0,0,0,0,0,0,0,0,0,0,0,0,0,0,0,0,0,0,0,0,0,0,0,0,0,0,1,1,0
Royal Crown Purple,1,1,1,0,0,0,0,0,1,1,2,2,2,2,2,1,1,1,2,2,2,1,0,0,0,0,0,0,2,2,0,0,0,2,1,1,1,0
Devil Horns Lime,1,0,0,0,0,0,0,0,0,0,0,0,0,0,0,0,1,1,1,1,1,0,0,0,0,0,0,0,0,0,0,0,0,0,0,0,0,0
Foam Hat Cobalt,1,0,0,0,0,0,0,0,0,0,0,0,0,0,0,0,1,1,0,0,2,2,2,2,0,0,0,0,2,2,2,0,0,0,2,2,0,1
Mariachi Hat Orange,1,0,0,0,0,0,0,0,0,0,0,0,0,0,0,0,0,0,0,0,0,0,0,0,0,0,0,0,0,0,0,0,0,0,0,1,0,0
Wonderment Crimson,2,0,0,0,0,0,0,0,0,0,0,0,0,0,0,0,0,0,1,1,2,2,1,0,0,0,0,0,0,0,0,0,0,0,0,0,1,1
Halo Purple,2,0,0,1,1,0,0,0,0,0,0,0,0,1,1,0,1,1,1,1,1,0,0,0,1,2,1,1,0,1,1,0,0,1,1,0,0,0
Turbine Sky Blue,2,1,2,2,1,2,0,0,0,0,0,0,0,0,1,1,1,1,1,1,1,1,1,1,3,3,0,0,0,0,0,0,0,1,2,0,0,2
Zomba,8,10,6,7,7,7,4,4,6,4,5,5,7,6,6,5,7,6,7,6,7,5,7,8,12,10,9,7,8,9,4,3,2,7,12,7,5,4
REEVRB,2,1,1,1,2,2,1,1,2,4,4,4,5,4,3,1,1,2,1,3,3,3,3,3,3,1,0,1,2,3,2,0,3,3,3,3,3,3
Chrono,3,2,4,3,1,1,1,2,2,4,4,4,3,3,4,2,3,3,3,3,1,1,1,2,3,4,2,4,4,2,0,1,1,1,1,3,5,5
Diomedes,2,1,1,0,1,4,6,7,7,5,4,2,2,2,1,3,4,4,5,5,4,1,0,0,1,3,2,4,4,2,2,1,3,0,1,1,1,1
Balla-Carrà Pink,2,0,0,0,1,1,1,0,1,1,1,1,1,1,1,1,1,2,2,2,2,1,1,1,1,0,2,2,2,0,0,0,0,0,0,1,0,0
Jäger 619 RS Titanium White,2,1,0,0,2,2,4,3,3,3,3,2,2,3,2,2,1,1,1,0,0,0,0,0,0,0,0,0,0,1,1,0,0,0,1,1,0,0
Samurai,3,2,2,1,0,2,4,6,5,5,7,7,7,9,9,8,6,5,6,3,2,2,1,4,4,2,2,4,3,1,1,6,6,2,2,1,3,4
Little Bow Pink,1,0,0,0,0,0,0,0,0,0,0,0,0,0,0,0,0,0,0,0,0,0,0,0,0,0,0,0,0,0,0,0,0,1,1,0,0,0
Little Bow Titanium White,1,0,0,0,0,0,0,0,0,0,0,0,0,0,0,0,0,0,0,0,0,0,0,0,0,0,0,0,0,0,0,0,0,0,0,0,0,0
Pirate's Hat Forest Green,1,0,0,1,1,2,1,1,0,0,0,0,0,0,0,0,0,0,0,0,0,0,0,0,0,0,0,0,0,0,0,0,0,1,2,1,0,0
Pirate's Hat Lime,1,0,0,1,1,1,0,0,0,0,0,0,0,0,0,0,0,0,0,0,0,0,0,0,0,0,0,0,0,0,0,0,0,1,1,0,0,0
Pirate's Hat Pink,1,0,0,0,0,0,0,0,0,0,0,0,0,0,0,0,0,0,0,0,0,0,0,0,0,0,0,0,0,0,0,0,0,0,0,0,0,0
Pirate's Hat Purple,1,0,0,0,0,0,0,1,1,1,1,1,1,0,0,0,0,0,0,0,0,0,0,0,0,0,0,0,0,0,0,0,0,0,0,0,0,0
Top Hat Cobalt,1,0,0,1,1,0,0,0,0,0,0,0,0,0,0,0,0,0,0,0,0,0,0,0,0,0,0,0,0,0,0,0,0,1,1,0,0,0
Top Hat Crimson,1,0,0,0,0,0,0,0,0,0,0,0,0,0,0,0,1,1,1,1,0,0,0,0,0,0,0,0,0,0,0,0,0,1,1,0,0,0
Top Hat Lime,1,0,1,1,0,0,0,0,0,0,0,0,0,0,0,0,1,1,1,1,0,0,0,0,0,0,0,0,0,0,0,0,0,1,2,0,0,0
Top Hat Pink,1,0,0,0,0,0,0,0,0,0,0,0,0,0,0,0,0,0,0,0,0,0,0,0,0,0,0,0,0,0,0,0,0,0,0,0,0,0
Buzz Kill Purple,1,0,0,0,0,0,0,0,0,0,0,0,0,0,0,0,0,0,0,0,0,0,0,0,0,0,0,0,0,0,0,0,0,0,0,0,0,0
MDGA Forest Green,1,0,0,0,0,0,0,0,0,0,0,0,0,0,0,0,0,0,0,0,0,0,0,0,0,0,0,0,0,0,0,0,0,0,1,1,0,0
Smore'd Pink,1,0,0,0,0,0,0,0,0,0,0,0,0,0,0,0,0,0,0,0,0,0,0,0,0,0,0,0,0,0,0,0,0,0,1,1,0,0
Doughnut Eater Orange,1,0,0,0,0,0,0,0,0,0,0,0,0,0,0,1,2,2,2,2,1,1,1,1,0,0,0,0,0,0,0,0,0,0,0,1,1,0
Mosher Orange,1,0,0,0,0,0,0,0,0,0,0,0,0,0,0,0,0,0,0,0,0,0,0,0,0,0,0,0,0,0,0,0,0,0,0,0,0,0
Rose King Purple,1,0,0,0,0,0,0,0,0,0,0,0,0,0,0,0,0,0,0,0,0,0,0,0,0,0,0,0,0,0,0,0,0,0,0,0,0,0
Hexphase Black,1,1,1,1,1,1,1,1,1,2,2,1,1,1,1,0,0,0,2,2,3,3,1,0,0,0,0,0,0,0,0,0,0,0,0,0,0,1
Flamethrower Sky Blue,2,2,1,0,0,0,0,0,0,1,1,1,1,1,1,0,0,0,0,0,0,0,1,1,1,0,0,0,1,1,0,0,1,1,0,0,0,1
Datastream Forest Green,1,0,0,0,0,2,2,2,1,0,0,0,0,0,0,0,0,0,0,0,0,0,0,0,0,1,1,1,0,1,1,0,0,0,0,2,1,1
Datastream Crimson,1,0,0,0,0,0,0,0,0,0,0,0,0,0,0,0,0,0,0,0,0,0,0,0,0,0,0,0,1,1,0,0,0,0,0,2,1,0
Voltaic Pink,1,0,0,0,0,0,0,1,1,1,1,1,0,0,0,0,0,0,0,0,0,0,0,0,0,1,1,2,4,3,1,1,1,0,0,0,0,2
Ballistic,13,14,13,22,20,20,20,20,21,16,16,12,14,16,18,19,17,17,14,12,13,14,20,21,18,15,18,14,8,13,11,10,15,14,14,12,13,15
Comet Forest Green,1,0,0,0,0,0,0,0,0,0,0,0,0,0,0,0,0,0,0,0,0,0,0,0,0,0,0,0,0,0,0,0,0,0,0,0,0,0
MG-88 Cobalt,1,0,0,0,0,0,0,0,0,0,0,0,0,0,0,0,0,0,0,0,0,0,0,0,0,0,0,0,0,0,0,0,0,0,0,0,0,0
MG-88 Lime,1,0,0,0,0,0,0,0,0,0,0,0,0,0,0,0,0,0,0,0,0,0,0,0,0,0,0,0,0,0,0,0,0,0,0,0,0,0
MG-88 Burnt Sienna,1,0,0,0,0,0,0,0,0,0,0,0,0,0,0,0,0,0,0,0,0,0,0,0,0,0,0,0,0,0,0,0,0,0,0,0,0,0
Mantis Orange,2,0,0,0,1,1,1,0,0,0,0,0,0,0,0,2,2,1,2,2,0,0,0,0,0,0,0,0,0,0,0,0,0,0,0,1,0,0
Fireplug Burnt Sienna,2,0,0,0,0,0,0,0,0,0,0,0,0,0,0,1,1,1,1,1,0,0,0,0,0,0,0,0,0,0,0,0,0,0,0,0,0,0
Blast Ray Black,1,0,0,0,0,0,0,0,0,0,0,0,0,0,0,0,0,0,0,0,0,0,0,0,0,0,0,0,0,0,0,0,0,0,0,0,0,0
Equalizer Pink,1,0,0,2,2,1,0,0,0,0,1,1,3,3,3,3,2,2,0,0,0,0,1,1,1,2,3,2,1,1,1,0,1,1,0,0,1,1
Spiralis Saffron,1,0,1,1,0,0,0,0,0,0,0,0,0,0,0,0,0,0,0,0,0,0,0,0,0,0,0,0,0,0,0,0,0,0,0,0,0,0
Yuzo Sky Blue,2,2,1,0,0,0,0,0,0,0,0,0,0,0,1,1,1,1,1,1,0,0,1,1,1,0,0,0,0,0,0,2,2,0,1,2,2,1
Tsunami Beam Grey,3,1,1,1,0,1,1,2,2,1,1,1,1,0,0,1,1,1,1,1,2,1,1,1,0,1,2,1,1,0,0,0,1,0,2,1,0,0
Luminous,2,3,2,1,1,2,2,2,0,0,0,0,0,0,1,1,1,2,2,2,1,1,1,1,2,3,2,1,1,1,1,1,2,1,1,0,0,1
Zombie Sky Blue,1,0,0,0,0,0,0,0,0,0,0,0,0,0,0,0,0,0,0,0,0,0,0,0,0,0,0,0,0,0,0,0,0,0,0,0,0,0
Doughnut Eater,2,3,3,0,1,1,2,1,1,1,0,0,1,1,4,4,4,4,3,1,0,0,0,0,2,2,0,0,0,0,1,2,1,2,2,1,1,2
Springtime Flowers Burnt Sienna,1,0,0,0,0,0,0,0,0,0,0,0,0,0,0,0,0,0,0,0,0,0,0,0,0,0,0,0,0,0,0,0,0,0,0,0,0,0
Velocity Crate,122,126,195,143,35,115,120,170,168,110,74,51,50,43,54,53,79,79,67,84,64,51,80,133,184,111,114,72,78,61,77,131,133,107,90,106,82,93
Toon Smoke,1,0,0,0,0,0,0,1,1,1,1,1,1,1,1,1,1,1,1,1,1,1,1,0,0,1,1,0,3,3,0,1,1,2,1,1,0,0
Geo Soul,3,3,2,2,2,2,2,2,2,2,3,2,2,2,1,1,0,1,2,2,3,3,3,3,4,4,2,2,2,3,3,2,2,1,2,1,2,1
Hexphase Sky Blue,1,1,1,0,0,1,1,1,2,2,3,3,4,4,2,2,1,1,1,2,3,3,1,1,1,0,1,1,1,0,4,4,0,1,0,1,1,2
Sub-Zero,2,3,5,5,6,6,10,8,8,7,7,9,10,9,9,6,9,5,5,4,5,4,4,4,3,5,5,5,7,8,8,7,9,6,4,6,6,7
Endo,4,3,2,5,7,5,4,5,4,5,7,8,9,9,9,9,7,5,3,4,3,5,6,5,4,5,5,4,3,3,4,4,1,1,3,4,2,1
Gaiden,2,3,5,3,3,4,6,6,4,5,3,4,3,2,2,2,3,4,4,4,3,2,3,2,2,1,1,1,3,3,1,0,1,1,0,2,0,0
SLK,3,0,2,2,2,1,1,1,2,2,2,2,3,3,1,2,3,3,2,2,2,1,1,1,2,2,0,3,3,1,0,0,0,1,0,0,0,0
Hypernova,2,2,1,1,1,2,1,2,1,2,1,2,1,1,1,1,1,1,0,0,1,1,2,2,2,2,1,0,1,1,0,0,0,1,1,1,0,0
Comet Lime,1,0,0,0,0,0,0,0,0,0,0,0,0,0,0,0,0,0,0,0,0,0,0,0,0,0,0,0,0,0,0,0,0,0,0,0,0,0
Pearlescent (matte),1,0,0,0,0,0,0,0,0,0,0,0,0,0,0,0,0,0,0,0,0,0,0,0,0,0,0,0,0,2,2,0,0,0,0,0,0,1
Imperator DT5 Titanium White,1,1,1,0,0,0,0,0,0,0,0,0,0,0,1,1,1,1,1,1,0,0,1,1,2,3,3,1,2,2,1,0,0,1,1,0,2,3
Draco Crimson,1,1,5,6,5,3,4,1,1,2,2,2,2,6,6,5,5,5,5,2,3,3,4,3,3,4,3,3,3,4,3,4,2,1,4,3,2,5
Voltaic Sky Blue,2,2,1,0,1,1,1,0,0,0,0,0,0,0,0,0,0,0,0,1,1,1,3,3,4,2,1,1,0,0,0,0,1,0,1,1,0,0
Voltaic Orange,1,1,2,1,1,1,2,2,4,4,3,3,2,2,0,0,0,0,0,0,2,2,2,2,3,2,1,1,2,1,0,1,1,0,2,1,0,0
Vortex Crimson,1,1,1,0,1,1,1,0,0,0,0,0,0,0,0,0,0,0,0,1,1,1,0,0,2,2,1,1,1,0,0,0,0,1,2,1,0,0
Wonderment Burnt Sienna,1,1,1,0,2,2,2,0,1,1,1,1,1,1,1,1,1,1,0,1,1,1,1,0,2,2,0,0,0,0,0,0,0,0,1,1,0,0
Zomba Burnt Sienna,3,4,3,0,2,2,2,0,1,1,1,1,1,1,1,1,1,1,0,0,0,0,1,1,2,1,0,0,0,0,0,0,0,0,1,1,0,0
Springtime Flowers Saffron,1,0,0,0,0,0,0,0,0,0,0,0,0,0,0,0,0,0,0,0,0,0,0,0,0,0,0,0,0,0,0,0,0,0,0,0,0,0
Chakram,3,3,1,0,1,1,1,1,0,0,0,0,0,0,0,0,0,0,0,1,2,2,2,1,1,0,0,0,0,1,1,0,0,0,0,2,3,2
Flex,1,0,0,0,1,1,1,1,0,0,0,0,0,0,0,0,0,0,1,1,1,1,0,0,0,0,0,0,0,0,0,0,0,0,0,0,0,0
Devil Horns,1,0,0,0,1,1,1,1,0,0,0,0,0,0,0,0,0,0,0,0,0,0,0,0,0,0,0,0,0,0,0,0,0,0,1,0,1,1
Halo,1,13,13,0,0,0,0,0,0,0,0,0,0,0,0,0,0,0,0,0,0,0,0,0,0,0,0,0,0,0,0,0,0,0,0,0,0,0
Balla-Carrà,4,7,5,5,4,5,4,3,3,4,5,3,3,5,6,5,5,5,6,4,4,4,4,2,4,8,6,3,1,3,6,6,2,1,4,3,3,4
Doughnut,2,2,1,1,2,2,1,1,3,4,4,4,2,2,2,1,1,2,1,1,1,0,0,0,0,0,1,2,3,4,3,4,6,2,3,1,1,0
Doughnut Sky Blue,2,1,1,1,0,0,1,0,3,4,4,3,3,3,2,1,1,2,2,2,1,1,1,1,1,0,0,1,1,0,1,2,1,1,0,0,0,0
Gaiden Lime,2,0,3,3,0,0,0,0,0,0,0,0,0,0,0,0,0,0,0,0,0,0,0,0,0,0,0,0,0,0,0,0,1,0,1,0,0,0
Turbine,5,2,2,4,3,1,0,1,3,4,4,4,3,3,3,2,8,9,10,9,8,3,5,4,5,5,2,1,3,3,2,1,3,2,4,9,4,0
Troika,1,1,1,1,1,1,0,1,2,2,2,2,1,1,0,1,3,3,3,3,3,1,1,1,1,1,1,2,0,0,0,0,0,0,1,0,0,0
FGSP,2,2,3,2,1,1,1,1,1,3,3,3,3,3,3,1,6,6,6,6,7,3,4,4,3,2,2,2,2,2,2,1,0,1,1,2,4,2
Animus GP Crimson,1,0,0,0,0,0,0,0,0,0,0,0,0,0,0,0,0,0,0,0,0,0,0,0,1,1,2,0,1,2,1,0,0,1,1,0,0,0
Jäger 619 RS Saffron,3,1,0,0,0,0,0,0,0,0,0,0,0,0,0,1,1,0,1,1,0,0,0,0,0,0,0,0,0,0,0,0,0,0,0,0,0,0
Animus GP Pink,1,0,1,2,1,1,0,0,0,0,0,0,0,0,0,0,0,0,0,0,0,0,0,0,0,0,0,0,0,0,0,0,0,0,0,0,0,0
Jäger 619 RS Pink,2,1,0,0,0,2,4,4,3,2,2,2,1,1,1,1,1,1,0,0,0,0,0,0,0,0,0,1,2,1,1,1,0,1,0,1,0,0
Road Hog Purple,2,1,0,0,0,0,0,0,0,0,0,0,0,0,0,0,0,0,0,0,0,1,1,1,0,0,0,0,0,0,0,0,0,0,0,2,0,0
Jäger 619 RS,5,3,1,1,2,2,0,1,3,3,3,3,2,2,4,4,4,5,5,3,1,2,4,5,4,2,3,5,4,3,3,4,3,0,3,2,2,4
Werewolf Grey,2,2,1,0,2,2,3,1,1,1,1,0,0,0,0,0,1,2,2,2,2,0,0,0,0,0,0,0,1,1,0,0,0,1,1,0,1,0
Merc Saffron,1,0,0,1,1,0,0,0,0,0,0,0,0,0,0,0,0,0,0,0,0,0,0,0,0,0,0,0,0,0,0,0,0,0,0,0,0,0
Hypnotik Grey,1,0,0,0,0,0,0,1,1,1,1,1,1,1,1,1,1,1,1,1,1,1,1,0,1,3,4,2,2,1,1,0,0,0,0,1,1,0
REEVRB Lime,1,0,0,0,0,0,0,0,0,0,0,0,0,0,0,0,0,0,0,0,0,0,1,1,1,0,0,0,0,0,0,0,0,0,0,1,0,1
REEVRB Saffron,1,0,0,0,0,0,0,0,0,0,0,0,0,0,0,0,0,0,0,0,0,0,0,0,0,0,0,0,0,0,0,0,0,1,0,0,0,0
Samurai Sky Blue,6,3,4,2,2,3,3,2,1,1,1,1,1,2,2,2,2,2,2,2,7,6,7,5,5,2,3,2,3,3,1,1,6,5,1,1,1,0
Apex Lime,2,1,0,0,0,0,0,1,1,2,3,3,3,3,4,3,1,1,1,0,0,0,0,0,0,2,2,1,1,1,0,0,0,0,2,0,1,1
Apex Purple,1,0,0,0,0,0,0,0,0,1,2,2,2,3,3,1,0,0,0,0,0,0,0,0,0,0,0,0,0,0,0,2,2,0,0,1,1,0
Sparkles Lime,1,0,0,0,0,0,0,0,0,1,1,1,1,1,1,0,0,0,0,0,0,0,0,0,0,2,3,3,0,0,0,0,0,0,0,0,0,0
Sparkles Purple,1,0,0,0,0,0,0,0,0,1,1,1,1,1,1,0,1,1,1,1,1,0,0,0,0,2,2,2,0,0,0,0,0,0,0,0,0,0
Breakout Titanium White,1,0,2,3,2,2,1,1,2,2,2,2,2,1,1,3,4,2,4,3,0,0,0,0,0,0,1,2,1,0,0,0,0,1,0,0,1,2
Narwhal,2,1,1,2,1,1,1,1,1,1,1,0,0,0,0,0,0,0,0,0,0,0,0,0,0,1,1,0,0,0,0,0,0,0,2,1,0,0
Bowler Titanium White,1,0,0,0,0,0,0,0,0,0,0,0,0,0,0,0,0,0,0,0,0,0,0,0,0,0,0,0,0,0,0,0,0,0,0,0,0,0
Octane Saffron,4,3,2,2,0,2,3,1,1,1,2,3,2,2,2,3,2,2,2,4,2,5,5,5,5,7,5,5,8,6,4,3,1,4,2,1,0,2
Draco Saffron,5,2,4,5,3,3,2,1,2,2,1,1,1,1,1,1,3,3,4,5,5,3,1,1,2,3,3,3,1,1,0,0,0,0,4,2,4,1
Werewolf Saffron,4,3,3,1,2,3,2,4,4,3,4,4,4,3,3,3,4,3,3,3,3,0,0,0,0,1,2,0,1,0,0,0,0,4,4,2,0,0
Toon Sketch Saffron,3,1,0,2,2,1,1,1,1,1,1,0,0,0,0,0,0,0,1,1,2,2,1,0,0,1,1,1,1,0,0,0,0,0,2,1,0,0
Royal Crown Saffron,1,1,1,0,0,0,0,0,1,1,1,1,1,1,1,0,1,1,1,1,0,0,0,0,0,0,0,0,1,1,0,0,0,2,1,0,0,0
Wonderment,3,3,3,3,1,4,3,4,4,3,3,3,1,1,0,0,4,4,4,4,4,0,3,3,4,2,2,3,5,4,1,2,3,3,3,1,1,3
Fractal Fire,2,4,6,4,1,1,4,5,3,3,4,4,3,3,3,3,4,4,5,4,3,2,2,2,1,2,3,4,3,4,5,2,0,0,1,1,4,1
Hypnotik Cobalt,1,1,1,0,0,1,1,1,0,0,0,0,0,0,0,1,1,1,1,1,0,0,0,0,2,2,2,1,1,2,2,1,1,2,1,2,1,0
Apex Titanium White,2,1,3,1,1,0,0,0,0,0,1,1,1,2,2,2,1,1,1,1,1,0,1,1,3,4,4,2,1,1,1,1,2,2,3,3,0,0
Apex Black,2,2,2,0,1,1,1,0,0,0,2,3,3,4,4,4,3,2,2,0,0,0,0,0,1,2,1,0,1,1,2,2,0,0,3,2,2,0
Equalizer Orange,1,1,1,0,0,0,0,0,0,0,0,0,0,0,0,0,0,0,0,0,0,0,0,0,1,1,1,1,0,1,1,1,0,0,1,1,1,1
FGSP Orange,1,1,1,0,1,1,1,0,0,0,0,0,0,0,0,0,0,0,0,0,0,0,0,0,1,1,0,0,0,0,0,0,0,0,1,1,0,0
Hikari P5 Orange,1,1,2,1,1,1,0,0,0,0,0,0,0,0,0,0,0,0,0,0,1,1,1,1,1,2,1,1,1,1,1,0,0,0,2,2,0,0
Razzle Crimson,1,1,1,0,1,1,2,2,4,4,4,3,2,2,1,1,1,1,1,0,0,0,0,1,2,2,1,2,1,0,0,0,0,0,1,1,1,0
Infinium Forest Green,5,5,4,3,3,4,4,4,4,3,2,2,2,2,2,2,2,2,0,0,0,0,0,1,2,2,2,4,4,1,2,3,3,0,1,2,1,0
Zomba Lime,2,4,3,3,1,1,2,3,3,3,1,2,2,1,1,1,1,2,2,2,2,3,3,2,2,3,2,2,1,2,1,0,2,1,3,4,3,0
Pulsus Orange,1,1,1,0,0,0,0,0,0,0,0,0,0,0,0,0,0,1,1,1,1,0,0,0,1,1,0,0,1,1,0,0,1,0,1,1,0,0
Endo Purple,1,0,0,1,1,0,0,0,1,1,1,1,1,1,0,0,0,0,0,0,0,0,0,0,0,0,0,0,0,1,1,0,0,0,0,0,0,0
Chakram Orange,2,0,0,0,0,0,0,0,0,0,0,0,0,0,0,0,0,0,0,0,0,0,0,0,0,0,0,0,0,0,0,0,0,0,0,0,0,0
Doughnut Cobalt,1,0,0,0,0,0,0,0,0,0,0,0,0,0,0,0,0,0,0,0,1,1,1,1,1,0,0,0,0,0,0,0,0,0,1,0,0,0
Doughnut Saffron,1,0,1,1,1,0,0,0,0,0,0,1,1,1,1,1,1,0,0,0,0,0,0,0,0,0,0,0,0,0,0,0,0,0,0,0,0,0
Peppermint Cobalt,1,0,0,1,1,1,0,0,0,0,0,0,0,0,0,0,2,2,2,2,2,0,0,0,0,0,0,0,0,0,0,0,0,0,0,0,0,1
Saptarishi Crimson,2,1,0,0,0,0,0,0,0,0,0,0,0,0,1,1,1,2,2,1,1,0,0,0,1,1,0,0,0,0,1,1,0,1,1,0,0,0
Netherworld,3,2,3,1,1,0,1,1,2,2,1,1,1,1,0,0,0,0,0,0,0,0,1,1,2,2,1,0,1,1,0,0,1,1,1,1,0,0
Magic Missile Crimson,2,2,1,0,0,1,3,3,2,2,0,1,1,1,1,1,3,2,2,2,2,0,0,0,2,4,5,4,1,3,3,1,1,2,1,2,0,0
Polygonal,2,2,3,1,0,0,2,3,4,4,3,3,3,3,2,1,1,0,0,0,0,0,0,0,1,1,0,0,2,2,0,0,1,2,2,3,1,1
Pork Pie Burnt Sienna,1,1,1,0,0,0,1,1,1,1,0,0,0,0,0,0,0,0,0,0,0,0,0,0,0,0,0,0,0,0,0,0,1,0,0,1,0,0
Fez Purple,1,1,1,0,0,0,1,1,1,1,0,0,0,0,0,1,1,1,1,1,0,0,0,0,0,0,0,0,0,0,0,0,1,0,0,1,0,0
Looper Sky Blue,5,2,1,2,3,1,0,0,0,0,0,0,0,0,0,0,0,0,0,1,1,1,2,2,4,4,1,1,0,5,4,2,2,2,1,0,1,0
Latte Titanium White,1,1,1,0,0,0,0,0,0,0,0,0,0,0,0,0,0,0,0,0,0,0,0,0,1,1,1,0,0,0,0,0,0,1,0,0,0,0
Top Hat Sky Blue,1,0,0,0,0,0,1,1,1,1,1,0,0,0,0,0,0,0,0,0,0,0,0,0,0,0,0,0,0,0,0,0,0,0,0,0,0,0
Ivy Cap Forest Green,1,0,0,0,0,0,0,0,0,0,0,0,0,0,0,1,1,1,1,1,0,0,0,0,0,0,0,0,0,0,0,0,0,0,1,1,0,0
RLCS,10,12,11,4,3,11,14,16,9,8,2,2,2,2,2,4,4,2,2,2,0,1,1,3,2,10,12,10,3,4,3,4,6,4,1,5,4,4
Froggy Forest Green,1,1,1,0,0,0,1,1,1,1,0,0,0,0,0,0,0,0,0,0,0,0,0,0,0,0,0,0,0,0,0,0,1,0,0,1,0,0
Froggy,4,8,6,2,1,2,4,3,3,2,0,0,0,0,0,4,4,4,6,6,4,5,3,4,1,3,5,5,1,2,3,3,4,2,2,4,1,2
Distortion,2,2,3,2,2,1,1,6,6,6,5,5,5,2,0,0,1,2,4,4,6,4,3,1,3,2,2,2,3,0,1,2,2,0,2,5,3,1
Furry,3,0,3,3,3,2,2,0,1,1,2,2,2,2,1,1,0,0,0,0,0,0,1,1,2,1,0,2,3,1,0,0,0,0,0,0,1,0
Animus GP,2,1,1,1,2,2,3,4,6,6,6,5,6,7,5,5,4,4,5,4,4,5,4,3,2,3,4,6,6,6,5,2,2,4,4,2,2,4
Power-shot,4,2,3,3,3,2,1,1,2,3,2,3,3,4,2,2,2,2,1,0,0,0,1,3,5,8,6,4,2,1,2,1,1,3,3,4,3,2
Yuzo,2,3,3,2,1,1,2,3,3,3,3,3,3,3,2,3,4,3,3,2,1,1,1,2,6,6,0,1,5,4,0,0,0,1,1,0,0,1
Trinity,2,2,3,1,1,1,1,1,1,1,1,1,2,2,2,2,2,3,2,1,1,1,1,1,3,4,2,2,1,0,0,0,0,2,2,0,0,1
Draco Pink,1,1,1,2,1,1,0,0,0,0,0,0,0,0,0,0,0,0,0,0,0,0,0,0,0,0,1,1,1,2,2,2,2,1,0,1,1,0
Looper Crimson,5,2,0,1,1,2,1,1,3,3,3,3,4,3,1,1,1,1,1,1,4,4,4,4,5,3,1,0,2,2,1,0,0,1,4,4,5,2
Infinium Saffron,1,2,3,3,1,0,2,3,4,4,2,2,3,2,1,2,2,2,1,1,0,1,2,3,2,1,1,0,0,0,2,2,1,0,3,0,1,1
Buzz Kill,1,0,1,2,3,2,2,0,0,0,0,0,0,0,0,0,1,1,2,2,2,1,0,0,0,0,0,0,0,0,0,0,0,0,1,0,1,1
EKG-OMG,1,1,2,2,3,3,2,1,1,2,1,2,2,2,4,5,6,7,6,6,1,0,0,0,1,1,2,3,2,3,3,0,3,2,0,1,2,1
EQ,8,8,7,11,11,10,8,6,5,5,4,4,4,4,2,3,3,4,3,6,8,6,7,7,6,7,8,9,1,6,7,2,1,2,3,2,2,2
Slimline,1,0,1,1,1,1,2,1,1,1,1,1,0,0,0,0,1,1,0,0,0,0,0,0,0,0,0,0,0,1,1,1,1,2,2,1,2,1
Tagged Titanium White,1,0,1,1,1,1,1,0,0,0,0,0,0,0,0,0,0,0,0,0,0,0,0,0,0,0,0,0,0,0,0,0,0,0,0,0,0,0
MG-88,9,8,10,5,4,5,10,10,11,10,4,4,4,4,4,4,3,4,4,2,2,1,2,2,4,4,4,2,1,1,0,1,7,1,3,9,1,0
Hypnotik Black,3,2,2,3,1,1,1,1,2,2,2,2,2,3,2,2,2,2,2,2,2,1,1,1,2,4,6,6,3,2,2,6,5,1,2,2,3,3
Wonderment Lime,2,1,0,1,1,1,1,3,3,3,3,3,3,2,1,1,0,0,1,1,1,1,0,0,1,1,0,0,1,3,2,2,2,1,2,1,1,2
Fractal Fire Black,1,0,0,0,0,0,0,0,0,0,0,0,0,0,1,1,1,2,2,2,1,1,0,0,2,2,1,1,0,0,0,1,1,0,0,0,0,0
Peppermint Sky Blue,1,0,0,0,0,0,0,0,0,0,0,0,0,0,0,0,0,0,0,0,0,0,0,0,0,0,0,0,0,0,0,0,0,0,0,0,0,0
Endo Crimson,1,0,0,1,1,0,0,0,0,1,1,2,3,3,4,4,3,2,1,1,3,3,4,3,0,0,2,2,1,1,2,1,1,2,0,0,0,0
Chakram Lime,1,1,1,1,1,1,0,0,0,0,0,0,0,0,0,0,0,0,0,0,0,0,0,0,0,0,0,0,0,0,0,0,0,0,0,0,0,0
Geo Soul Cobalt,1,1,1,0,0,0,0,0,0,0,0,0,0,0,0,0,0,0,1,1,1,1,0,0,0,0,1,1,0,0,0,0,0,0,0,0,0,0
Gaiden Saffron,1,1,1,1,3,2,1,0,0,1,1,1,1,1,0,0,0,0,0,0,0,0,0,0,1,1,0,1,2,2,1,1,2,1,1,1,0,1
Fireplug Crimson,2,2,1,1,2,1,1,0,0,1,1,1,1,1,0,0,1,1,1,2,2,1,1,0,2,3,1,2,1,1,0,1,0,1,1,0,0,1
Looper Purple,2,2,1,4,4,2,0,0,0,1,1,1,1,1,0,0,0,0,1,2,3,4,4,4,4,3,0,1,1,3,3,1,2,3,2,2,0,0
Thermal Crimson,2,1,1,2,3,1,1,0,0,1,2,2,2,2,1,1,0,0,0,0,0,0,0,0,1,1,0,2,2,1,2,2,2,3,3,2,0,0
Power-shot Pink,2,3,3,2,1,0,0,0,0,1,1,1,1,1,0,0,0,0,0,0,0,0,0,0,1,1,1,2,1,1,1,2,1,1,1,1,1,1
Halo Black,2,1,1,2,3,2,2,1,1,3,3,2,3,3,2,4,4,4,2,3,1,1,1,1,3,2,0,1,1,1,2,2,1,2,2,1,0,0
Balla-Carrà Black,3,2,3,3,2,2,0,1,1,1,1,1,1,3,3,3,3,3,4,1,2,2,2,3,5,2,0,0,0,1,1,0,0,1,2,0,0,1
Infinium,1,1,3,9,7,3,1,0,1,3,3,3,4,5,6,5,10,10,8,8,6,1,3,2,6,7,4,4,5,6,7,5,3,3,5,2,3,3
Neptune Pink,1,0,0,0,0,0,0,0,0,0,0,0,0,0,0,0,0,0,0,0,0,0,0,0,0,0,0,0,0,0,0,0,0,0,1,0,0,0
Kilowatt,1,0,1,1,1,1,1,0,0,0,0,0,0,0,0,0,0,0,1,1,1,1,0,0,0,0,0,0,0,1,1,1,2,2,0,0,0,0
Clockwork Saffron,1,0,0,0,1,1,1,1,2,2,2,2,2,2,3,3,3,3,3,2,2,2,2,1,1,0,0,0,2,2,0,0,1,0,0,0,0,0
Calculated,1,0,1,1,1,1,1,2,2,2,2,1,2,3,3,3,3,3,3,2,2,2,1,0,0,0,1,1,2,2,2,1,0,0,1,1,1,1
Gaiden Sky Blue,1,1,1,0,1,1,1,0,1,1,1,1,2,2,3,3,3,3,1,1,0,0,1,1,1,1,1,1,2,1,0,0,1,0,0,2,3,2
Falco Sky Blue,2,1,1,0,0,0,0,0,0,0,0,0,0,0,0,0,0,1,1,1,1,1,1,1,1,0,0,0,0,0,0,0,0,0,0,0,0,1
Twisted Tree,1,1,1,0,0,1,1,2,2,1,1,1,1,0,0,0,0,0,0,0,0,0,0,0,0,0,0,0,0,0,0,0,0,0,0,0,0,0
Stegosaur,1,1,1,0,0,0,0,0,0,0,0,0,0,0,0,0,0,1,2,2,2,1,0,0,0,0,0,1,1,0,0,0,0,0,0,1,0,0
Chainsaw,1,1,1,0,0,0,0,0,0,0,0,0,0,0,0,0,0,0,0,0,0,1,1,1,1,1,0,0,0,0,0,0,0,2,0,0,0,1
Halo Lime,3,2,1,1,0,2,2,2,1,0,1,1,1,1,1,1,0,0,0,0,0,0,0,0,1,2,2,1,1,0,0,1,2,1,0,1,0,2
Halo Orange,2,1,0,0,0,0,0,2,3,3,3,4,4,3,1,1,2,4,4,4,3,1,2,2,1,1,1,2,1,1,1,2,3,2,0,1,1,0
Hard Hat Titanium White,1,0,0,1,1,1,1,1,1,1,1,0,0,0,0,0,0,0,0,0,1,1,1,0,0,0,0,0,1,1,0,0,2,1,0,0,0,0
Trucker Hat Titanium White,1,0,0,0,0,0,0,0,0,0,0,0,0,0,0,0,0,0,0,0,0,0,0,0,0,0,0,0,0,0,0,0,0,0,0,0,0,0
Balla-Carrà Titanium White,1,1,1,0,0,1,2,2,2,1,1,1,2,2,1,1,1,1,1,1,1,1,1,1,0,0,0,0,0,1,1,0,1,0,1,2,1,1
Dragon Wings,1,2,2,1,1,1,2,2,2,2,2,1,2,2,1,1,1,1,1,1,1,1,0,0,0,0,0,1,1,0,0,0,1,0,2,3,1,2
Derby Titanium White,1,1,1,0,0,0,1,1,1,1,1,1,1,1,0,0,0,0,0,0,0,0,0,0,0,1,1,1,0,0,0,0,1,0,0,1,0,0
Hawaiian Lei Crimson,1,1,1,0,0,0,1,1,1,1,1,1,1,1,0,1,1,1,1,1,0,0,0,0,0,0,0,0,0,0,0,0,1,0,0,1,0,0
Hawaiian Lei Cobalt,1,1,1,0,0,0,1,1,1,1,1,1,1,1,0,1,2,2,2,2,2,1,2,2,1,0,0,0,0,0,0,0,1,0,0,2,1,0
OEM Grey,1,1,1,0,0,0,1,1,1,1,1,1,1,1,0,0,0,0,0,0,0,0,0,0,0,0,0,0,0,0,0,0,1,0,0,1,0,0
Lightning,1,1,1,0,0,6,6,6,6,0,0,1,1,1,1,1,1,0,0,0,0,0,1,1,2,2,2,0,2,2,2,3,2,3,5,3,1,2
Rainbow,1,1,1,1,1,2,1,1,0,0,0,0,0,1,1,1,1,1,3,2,2,2,1,2,3,2,2,2,1,0,0,1,1,1,3,1,1,1
Octane ZSR,4,3,1,1,2,1,1,1,2,2,8,8,8,7,6,6,1,3,4,4,4,2,1,3,4,3,3,4,9,9,2,1,0,7,0,1,4,6
Fireworks,3,3,4,6,5,4,3,2,2,2,3,3,4,4,6,6,5,8,9,8,8,7,8,7,7,5,5,3,3,6,13,12,9,8,7,4,1,2
Werewolf Crimson,1,0,0,0,0,1,2,3,2,2,3,3,2,1,2,2,1,2,2,2,2,1,0,0,0,0,0,1,1,0,0,1,1,0,2,1,2,2
Septem Titanium White,17,0,13,14,14,1,1,1,2,1,2,2,2,15,15,16,15,15,16,4,2,1,3,3,3,1,1,1,2,2,1,0,3,3,3,0,4,3
Kalos Crimson,1,0,0,0,0,0,0,0,0,0,0,0,0,0,0,0,0,0,0,0,0,0,0,0,2,2,0,0,0,0,0,0,0,1,2,0,0,2
Pulsus Purple,1,0,0,0,0,0,0,0,0,0,0,0,0,0,0,0,0,0,0,0,0,0,0,0,0,0,0,0,0,0,0,0,0,0,0,0,0,0
Blast Ray Crimson,2,1,0,0,0,0,0,0,0,0,0,0,0,0,0,0,0,0,0,0,0,0,0,0,0,0,0,0,0,0,0,0,0,0,0,0,0,0
Halo Crimson,3,2,0,1,1,0,1,1,1,1,0,0,1,1,1,1,2,2,1,1,1,0,2,3,2,0,0,0,0,1,1,0,0,0,0,0,0,1
Halo Titanium White,2,1,0,10,12,12,11,10,10,1,1,2,2,2,3,3,3,3,1,1,0,0,1,1,2,2,1,1,1,3,3,2,1,1,1,0,0,0
Champions Crate 1,3,2,11,11,2,14,12,13,13,2,1,0,0,0,0,2,4,4,4,4,2,0,11,11,11,0,0,1,1,1,2,1,12,11,1,6,0,1
Champions Crate 3,3,2,15,15,0,16,17,18,18,3,1,0,0,0,0,0,0,0,0,0,0,0,15,15,15,0,0,0,0,1,3,5,18,15,0,1,0,0
Champions Crate 4,13,15,26,18,10,22,27,29,30,20,18,15,15,5,4,4,2,3,3,4,6,7,27,25,26,8,6,6,8,7,3,1,13,15,9,3,15,5
Trigon,8,12,11,9,6,5,3,6,7,6,6,5,6,6,4,5,5,5,4,5,8,7,7,8,8,4,6,7,11,11,5,7,6,5,4,3,9,7
Zomba Titanium White,2,2,2,2,2,5,6,6,4,5,5,6,6,6,6,7,6,6,6,7,8,8,5,5,5,7,5,3,3,5,17,18,6,3,3,8,5,1
Unicorn,1,0,0,0,1,0,0,0,0,0,0,0,0,0,0,0,0,0,0,0,0,0,0,0,0,0,1,1,3,2,0,1,1,0,1,2,0,2
Lightspeed,1,1,1,0,0,3,3,3,0,0,0,0,0,0,0,0,0,0,0,0,0,0,0,1,2,2,0,0,0,0,1,2,1,1,3,3,1,2
Aether,2,5,8,6,6,9,10,8,7,5,4,3,3,3,2,5,6,6,6,8,4,5,8,7,6,6,10,10,6,3,1,2,3,1,3,4,6,6
Diomedes Black,1,2,3,1,1,0,0,0,0,0,0,0,0,0,0,0,0,0,0,0,0,0,0,0,1,1,0,0,1,1,1,1,0,0,1,2,1,1
Diomedes Titanium White,1,1,1,0,0,0,0,0,0,0,0,1,1,2,2,2,2,2,1,1,0,0,0,0,0,1,1,1,1,1,0,1,0,0,1,2,2,1
Kyrios Sky Blue,2,2,2,0,0,0,1,1,1,1,0,0,0,0,0,0,0,0,0,0,0,0,0,0,0,0,0,0,0,0,0,0,0,0,1,1,0,0
Triplex,3,2,3,1,0,0,0,0,0,0,0,0,0,0,0,1,1,1,2,2,1,1,0,0,0,1,1,1,0,0,0,2,2,0,0,0,0,0
Hikari P5 Purple,1,0,1,2,1,1,0,0,0,0,0,0,0,0,0,0,0,0,0,0,0,0,0,0,1,2,2,2,0,0,0,2,1,0,0,2,2,1
Fractal Fire Grey,1,1,1,1,0,0,0,0,0,0,0,0,0,0,0,0,0,0,0,0,0,0,0,0,0,0,0,0,0,1,1,0,1,2,1,1,2,3
Tsunami Beam Pink,1,0,0,0,0,0,0,0,1,1,1,1,1,1,0,0,0,0,0,0,0,0,0,0,1,2,1,0,1,1,0,0,0,0,0,0,0,0
Neo-Thermal Titanium White,1,1,1,0,1,1,2,1,1,1,2,2,1,1,1,2,1,1,1,1,1,0,0,0,0,0,0,0,0,0,0,0,0,0,0,1,1,1
Datastream Pink,1,0,0,0,0,0,0,0,0,0,0,0,0,0,0,0,0,0,0,0,0,0,0,0,0,1,1,1,0,0,0,1,1,0,0,0,0,0
Infinium Burnt Sienna,2,1,0,0,0,0,0,0,1,1,1,2,2,2,1,1,1,1,1,1,1,0,0,0,0,0,0,0,0,0,2,2,1,1,1,1,1,0
Tsunami Beam Purple,1,0,0,0,0,0,0,1,1,1,1,1,1,0,1,1,2,2,2,2,2,1,2,2,2,1,1,2,1,1,1,1,1,1,1,1,2,1
Samurai Crimson,4,0,0,0,0,0,0,2,2,3,2,2,2,3,3,2,3,3,4,5,3,2,2,1,1,2,5,5,5,2,1,1,1,1,4,3,1,1
Shisa,3,5,5,1,0,0,3,3,3,3,0,0,0,0,0,0,0,0,0,0,0,0,1,1,1,1,1,0,1,1,0,0,3,1,1,3,1,0
Zomba Black,4,5,3,6,8,8,5,6,6,5,5,4,3,2,3,3,3,1,1,2,1,1,1,1,0,1,1,3,2,0,0,0,0,0,1,3,2,4
Reaper,1,0,1,1,1,2,2,1,1,1,1,1,1,1,3,3,3,4,3,2,1,1,1,1,1,1,1,1,2,2,2,2,0,2,1,2,1,0
Draco Grey,1,1,1,2,1,1,2,2,3,2,1,1,2,3,3,4,4,4,3,3,1,3,3,3,2,2,2,1,1,1,1,2,1,1,3,5,4,4
Blast Ray,7,9,10,14,10,9,7,8,7,6,6,5,5,4,4,7,6,7,7,10,9,8,7,6,3,4,8,9,7,3,1,1,2,6,2,4,4,5
Two-Timer,4,4,5,8,9,10,11,6,7,4,4,3,3,3,3,5,4,2,3,3,4,5,4,4,1,7,7,5,1,1,2,4,4,5,2,2,5,4
Discotheque Titanium White,1,0,0,0,0,0,0,0,0,0,0,0,0,0,0,0,0,0,0,0,0,0,0,0,0,0,0,0,0,0,10,10,0,0,1,1,1,0
Equalizer Saffron,2,1,0,0,0,0,0,0,0,0,1,1,1,1,1,1,0,0,0,1,1,2,2,2,1,1,1,1,2,2,1,0,1,1,0,1,1,0
Gigapede,1,3,3,0,0,0,1,1,1,1,0,0,0,0,0,0,0,0,0,0,0,0,0,0,0,0,0,0,0,0,0,0,1,0,0,1,0,0
Smore'd,2,2,2,0,0,0,2,2,2,2,0,0,0,0,0,0,0,0,0,0,0,0,0,0,0,0,0,0,1,2,1,1,3,1,1,3,1,1
Turbo,2,3,3,1,0,0,2,2,2,2,0,0,0,0,0,0,0,0,0,0,0,0,0,0,0,0,0,0,0,0,0,0,2,0,0,2,0,0
Rad Reindeer Titanium White,1,1,1,0,0,0,1,1,1,1,0,0,0,0,0,0,0,0,0,0,0,0,0,0,0,0,0,0,0,0,0,0,1,0,0,1,0,0
Oni,1,2,2,1,0,0,1,1,1,1,0,0,0,0,0,0,0,0,0,0,0,0,0,1,1,0,0,0,0,0,0,0,1,0,0,2,0,0
Splatter,1,2,2,0,0,0,1,1,1,1,0,0,0,0,0,0,0,0,0,0,0,0,0,0,0,0,0,0,0,0,0,0,1,0,0,1,0,0
Jiangshi,1,1,1,0,0,0,1,1,1,1,0,0,0,0,0,0,0,0,0,0,0,0,0,0,2,2,0,0,0,0,1,2,2,1,2,3,2,4
Roadkill,1,1,1,0,0,0,1,1,1,1,0,0,0,0,0,0,0,0,0,0,0,0,0,0,0,0,0,0,0,0,0,0,1,0,0,1,0,0
Maximon,2,2,2,1,1,2,3,3,2,2,0,0,0,0,0,0,0,0,0,0,0,0,0,0,0,0,0,0,2,1,0,1,2,0,0,1,1,1
Clockwork Burnt Sienna,1,1,1,1,0,1,1,1,1,0,0,0,0,0,1,1,1,1,1,1,0,0,2,2,1,1,2,0,1,1,1,1,1,0,1,1,0,0
Turbine Black,2,3,3,2,0,2,2,2,2,0,0,0,0,0,1,1,1,1,1,0,0,0,0,0,0,1,3,2,2,0,0,1,1,0,0,2,0,0
Spiralis Orange,1,1,1,1,0,1,1,1,1,0,0,0,0,0,0,0,0,0,0,0,0,0,0,0,0,0,1,0,1,0,0,0,0,0,0,1,0,0
Octane Cobalt,1,3,5,6,2,3,4,4,4,4,5,6,5,5,5,3,1,0,0,1,1,3,4,4,3,4,4,4,7,6,5,3,1,2,2,4,1,4
Foam Hat Titanium White,1,2,1,0,1,1,1,1,1,1,0,0,0,0,0,0,0,0,0,0,0,0,0,0,1,2,1,1,0,1,1,0,0,1,0,0,0,0
Lone Wolf Titanium White,1,3,3,2,2,2,1,1,2,2,2,2,2,2,1,3,3,2,2,2,0,0,0,0,0,2,2,0,0,0,0,0,0,1,0,1,2,2
Plasma Titanium White,14,15,17,15,2,13,12,15,17,5,5,5,5,4,2,2,3,1,1,3,3,2,2,0,1,1,13,13,13,0,0,0,1,1,1,14,3,2
Thermal Titanium White,12,13,13,13,1,12,12,13,13,1,1,2,4,3,3,3,3,2,0,1,1,1,1,0,0,1,12,12,11,0,0,0,0,0,1,12,3,4
Sparkles Titanium White,12,12,13,13,2,11,11,11,11,0,0,0,0,0,0,0,0,1,1,1,1,0,0,0,1,3,14,13,12,1,0,0,0,1,1,11,1,1
Discotheque Sky Blue,2,3,2,2,0,0,0,1,1,2,2,2,3,2,2,1,1,1,0,0,0,0,0,0,0,0,0,0,0,0,0,0,0,0,0,0,0,0
Septem Forest Green,4,1,0,1,1,1,3,3,3,2,1,1,1,1,2,3,3,3,3,4,2,1,1,1,4,4,0,0,1,3,2,0,1,1,2,1,1,0
Looper Orange,2,2,1,0,0,0,0,0,0,0,0,0,0,1,1,1,1,1,1,1,1,1,2,2,3,3,0,0,0,2,2,0,0,2,1,0,0,0
Fireplug Lime,1,0,0,0,0,0,0,0,0,0,0,0,0,0,1,1,1,1,1,1,0,1,1,1,3,2,0,1,1,1,2,2,2,4,2,0,0,2
Pulsus Black,1,0,0,0,1,1,1,0,0,1,1,1,1,1,1,0,0,0,0,0,0,0,0,0,1,1,0,0,0,1,1,1,1,1,1,0,0,1
SLK Titanium White,1,1,1,0,1,1,1,0,0,0,0,0,0,0,0,0,0,0,0,0,0,0,1,1,3,2,0,0,0,2,2,0,0,1,1,0,1,2
Kalos Forest Green,1,0,0,0,0,0,0,0,0,0,0,0,0,0,0,0,1,1,1,1,1,0,0,0,2,2,0,0,0,2,2,0,0,2,1,0,0,0
Infinium Titanium White,4,3,3,4,3,2,1,2,2,2,2,2,1,1,2,2,2,2,4,4,4,5,5,3,2,2,4,6,5,2,2,4,5,3,1,1,5,4
Voltaic Forest Green,2,1,2,3,1,1,0,0,0,0,0,0,0,0,1,2,3,3,3,3,2,1,0,0,0,1,2,1,2,2,1,0,1,1,0,0,0,0
Kalos Titanium White,4,4,4,5,5,4,5,5,5,5,5,5,5,5,5,3,3,0,0,0,0,0,0,0,0,0,2,2,2,0,3,3,4,4,5,2,4,1
Discotheque Cobalt,1,1,1,1,1,1,0,0,0,0,0,0,0,0,1,1,1,1,1,1,0,1,1,1,1,2,1,0,0,0,0,0,1,1,0,0,0,0
Nipper Crimson,1,2,2,3,2,2,0,0,1,2,2,2,2,2,1,2,1,1,2,3,3,3,2,1,1,0,1,1,0,1,1,0,2,2,2,1,2,2
Peppermint Titanium White,1,0,0,0,0,0,1,1,1,1,1,2,1,1,2,2,2,1,1,1,0,0,1,2,2,1,1,1,1,1,1,0,0,0,0,0,1,1
K2 Black,1,0,1,2,2,1,0,0,0,0,0,0,1,1,1,1,1,1,0,0,0,0,0,0,0,0,0,0,0,0,0,0,0,0,0,0,0,0
Zomba Purple,1,0,1,2,3,2,1,2,2,2,1,1,1,1,2,2,3,3,4,4,3,2,1,2,1,0,2,4,3,2,4,2,2,1,1,0,4,3
Werewolf Forest Green,1,0,0,0,1,0,1,1,1,1,1,1,1,1,2,2,3,2,2,2,0,0,1,2,2,2,1,1,3,3,1,2,2,0,0,1,2,2
Voltaic Lime,3,3,1,0,1,1,1,3,3,3,3,3,2,1,1,1,1,2,3,3,2,3,3,1,1,1,1,2,4,2,1,2,2,1,0,1,1,3
Wonderment Sky Blue,2,2,2,1,1,2,2,1,0,0,0,0,0,0,1,1,1,1,2,2,3,5,4,4,2,0,0,0,0,0,0,0,2,2,0,0,1,1
Fractal Fire Titanium White,1,0,1,2,2,0,0,0,0,1,2,2,2,2,2,2,3,3,4,4,3,2,2,2,0,0,0,1,1,1,0,0,0,0,1,0,1,1
Aether Grey,1,1,0,0,0,0,0,0,0,0,0,0,0,0,0,0,0,0,0,0,0,0,1,1,1,0,1,1,0,0,0,0,0,0,0,0,1,1
Infinium Pink,1,3,2,2,0,1,5,5,6,7,5,3,3,3,4,2,2,1,1,2,0,1,1,0,0,1,1,1,0,1,1,1,2,1,2,2,3,2
Toon Sketch Burnt Sienna,1,2,1,1,1,0,0,1,1,1,1,1,1,0,0,0,0,1,2,3,3,3,2,0,0,0,1,1,1,1,0,1,1,0,1,0,0,0
Tachyon Saffron,1,1,0,1,1,1,1,1,1,0,1,1,1,1,1,1,1,1,1,1,0,0,0,0,1,1,1,1,1,0,1,1,0,1,1,1,3,1
Tunica Titanium White,1,2,1,0,0,0,1,1,1,1,1,1,1,1,1,1,0,0,0,0,0,0,0,0,0,0,0,0,0,0,0,0,0,0,0,0,1,1
Popcorn,3,5,5,4,5,3,5,5,8,8,8,8,7,6,7,7,8,7,7,5,3,2,4,7,7,7,5,5,3,3,3,3,1,2,2,1,3,3
Electroshock,2,4,2,1,2,2,4,1,2,2,1,2,2,2,5,5,6,7,7,4,6,5,6,6,5,5,4,3,5,6,7,8,10,4,5,3,4,6
Clockwork Titanium White,1,1,0,1,1,1,1,1,1,1,1,2,2,3,3,3,2,1,1,0,0,0,0,0,0,1,1,1,1,2,0,0,0,1,0,0,2,3
Lustrum X10,1,2,3,2,1,1,2,2,2,2,2,1,1,1,1,1,1,1,1,0,1,1,1,1,1,2,2,3,4,4,2,2,2,2,0,2,2,0
WWE NXT,3,3,0,0,1,2,2,2,2,2,2,2,3,5,5,6,6,5,3,1,1,1,1,3,2,0,0,2,2,0,0,1,1,2,0,1,3,2
Triumph Crate Pink,2,4,2,2,2,2,0,0,0,0,0,0,0,0,0,2,2,2,2,2,2,2,2,0,2,2,4,4,4,2,4,4,2,2,0,4,0,0
Triumph Crate Purple,2,4,3,3,3,3,0,0,0,0,0,0,0,0,0,3,3,3,3,3,3,3,3,0,3,3,5,5,5,3,5,5,3,3,0,5,0,0
Triumph Crate Forest Green,2,4,3,5,5,5,0,0,0,0,0,0,0,0,0,5,5,5,5,5,5,5,5,0,5,5,7,7,7,5,7,7,5,5,0,7,2,2
Triumph Crate Saffron,2,4,3,5,5,5,0,0,0,0,0,0,0,0,0,5,5,5,5,5,5,5,5,0,5,5,5,5,3,3,3,3,3,3,0,3,0,0
Triumph Crate Orange,2,4,2,4,4,4,0,0,0,0,0,0,0,0,0,4,4,4,4,4,4,4,4,0,4,4,4,4,4,4,4,4,4,4,0,4,2,2
Triumph Crate Burnt Sienna,2,4,2,4,4,4,0,0,0,0,0,0,0,0,0,4,4,4,4,4,4,4,4,0,4,4,6,6,6,4,6,6,4,4,0,6,2,2
Triumph Crate Grey,2,4,3,3,3,3,0,0,0,0,0,0,0,0,0,3,3,3,3,3,3,3,3,0,3,3,3,3,3,3,3,3,3,3,0,3,0,0
Hikari P5,2,3,2,3,3,5,3,4,3,1,1,1,1,0,1,2,3,4,4,4,3,2,5,7,8,6,2,3,2,1,3,3,4,2,1,2,2,3
Discotheque Forest Green,1,2,2,1,1,0,1,1,1,1,2,2,1,1,1,2,1,1,1,1,0,0,0,0,0,1,1,0,0,1,0,0,0,0,0,0,0,0
Equalizer Crimson,1,2,1,2,1,0,1,1,1,1,0,0,2,2,2,2,3,3,1,2,3,2,2,0,1,1,0,0,1,2,4,4,1,1,2,0,4,4
Hard Hat Lime,1,1,0,0,0,1,1,1,0,0,0,0,0,0,0,1,2,2,2,2,2,0,1,1,2,2,1,1,1,1,2,2,1,2,1,1,1,1
Werewolf Pink,2,3,1,0,0,0,0,0,0,0,0,0,0,0,0,0,0,0,1,1,1,1,1,1,0,0,0,0,1,1,0,0,0,0,0,0,1,1
Happy Holidays,1,1,2,2,0,0,0,0,0,0,2,4,4,4,6,8,6,4,3,3,2,2,2,1,0,0,0,1,1,0,0,1,1,1,2,1,1,0
Chrono Purple,1,2,1,0,0,0,0,0,0,0,0,0,0,0,0,0,0,0,0,0,1,1,1,0,0,0,0,0,0,0,0,0,0,0,1,0,0,0
Equalizer,2,2,1,3,4,3,1,0,1,2,2,2,1,4,4,4,4,4,4,5,4,3,7,6,6,4,4,4,5,5,3,4,3,4,3,2,1,1
Tsunami Beam,4,8,7,13,13,6,5,4,8,5,6,8,8,7,4,4,4,5,5,5,6,5,7,6,5,3,2,4,4,4,6,6,3,1,2,3,2,3
Pulsus Sky Blue,1,2,1,0,0,0,0,0,0,0,0,0,0,0,0,0,0,0,0,0,0,0,0,0,0,0,0,0,0,0,0,0,0,0,0,0,0,0
Draco Forest Green,1,2,3,4,5,5,3,2,1,1,0,0,0,1,1,1,1,1,1,1,1,2,2,1,2,7,7,6,5,2,1,3,4,1,7,5,4,2
Revenant Purple,1,1,1,0,1,1,0,0,0,0,0,0,0,0,0,0,0,0,0,0,1,1,1,0,0,0,0,1,1,0,0,1,1,0,2,0,0,0
Magic Missile Saffron,2,2,2,1,1,1,0,0,0,0,0,0,0,0,0,0,0,1,2,3,3,2,1,2,3,4,1,1,1,0,0,2,2,1,3,0,0,2
Tachyon Lime,1,1,1,1,1,2,3,2,2,1,1,1,0,0,0,0,0,1,1,1,1,0,0,0,0,0,1,1,1,1,1,0,0,0,0,1,0,1
Sacred Pink,1,1,2,2,1,1,1,1,2,1,1,1,1,1,0,0,0,0,0,0,1,1,1,1,1,1,2,2,1,0,0,0,0,0,0,1,0,0
Power-shot Saffron,1,2,2,1,0,1,1,1,1,0,0,0,0,0,0,0,0,0,0,0,0,0,0,0,0,1,2,2,1,0,0,0,0,0,0,2,0,0
Thermal Grey,1,1,3,3,0,1,3,3,3,2,3,3,3,3,3,3,3,3,1,1,1,0,0,0,1,1,2,2,1,0,1,1,0,0,0,1,0,0
Imperator DT5 Burnt Sienna,1,1,1,1,0,1,1,1,1,0,0,0,0,0,1,1,1,1,1,0,0,1,1,1,0,1,2,1,1,0,0,0,0,0,0,1,0,0
Octavian Black,1,1,2,2,0,1,2,2,2,1,0,0,0,0,0,0,0,0,0,0,0,0,0,0,0,0,1,1,1,0,0,0,0,0,0,1,0,0
Hexphase Orange,1,2,2,1,0,1,1,1,1,0,0,0,0,0,0,0,1,1,2,2,2,1,0,0,0,0,1,1,1,0,0,0,0,0,0,1,0,0
Dune Racer Cobalt,1,1,0,0,0,0,0,0,0,0,0,0,0,0,0,0,0,0,1,1,1,0,0,0,0,0,0,0,0,0,0,0,0,0,0,0,0,0
Griffon Pink,1,1,0,0,0,0,0,0,0,0,0,0,0,0,0,0,0,0,0,1,1,1,1,0,0,0,0,0,0,0,0,0,0,0,0,0,0,0
Lone Wolf Lime,1,1,0,0,0,0,0,0,0,0,0,0,0,0,0,0,0,0,0,0,0,0,0,0,0,0,0,0,0,0,0,0,0,0,0,0,0,0
Christmas Tree Titanium White,1,1,0,0,0,0,0,0,0,0,0,0,0,0,0,0,0,0,0,0,0,0,0,0,0,0,0,0,0,0,0,0,0,0,0,1,1,0
Halo Sky Blue,4,5,1,0,0,0,3,3,3,3,1,1,1,1,1,1,1,1,1,2,2,1,0,1,1,1,1,1,2,2,1,0,1,1,0,1,0,0
Apex Crimson,1,2,1,1,2,1,0,0,0,1,2,2,2,3,2,1,1,1,2,2,2,1,1,2,2,1,2,2,2,2,2,1,1,1,2,1,0,0
Flamethrower Crimson,1,1,1,1,1,1,2,2,2,2,2,1,0,0,1,1,2,2,2,3,2,1,1,1,0,2,3,3,0,0,1,1,0,1,0,0,0,0
Fractal Fire Crimson,1,1,0,0,0,0,0,0,0,0,1,1,1,1,1,1,1,1,1,1,0,0,0,1,1,2,1,0,2,2,0,1,2,2,2,2,3,2
Devil Horns Sky Blue,1,1,0,1,1,1,1,1,1,1,2,1,1,1,1,1,1,1,1,1,2,1,1,0,0,0,0,0,0,0,0,0,0,0,1,0,0,0
Peppermint Saffron,1,1,0,1,1,0,0,0,0,0,0,0,0,0,0,0,0,0,0,0,0,0,0,0,0,1,1,0,0,0,0,0,0,1,0,0,0,0
Winning Streak,1,3,7,9,9,8,8,6,6,5,3,3,3,3,2,6,6,6,5,6,4,3,6,5,4,4,6,5,1,1,2,2,3,4,4,2,5,5
Stoic Muffin,5,5,7,7,5,9,11,9,9,5,5,2,3,3,2,5,4,4,3,3,1,5,7,7,2,3,3,2,1,3,2,4,7,7,4,1,8,8
Chakram Titanium White,1,1,0,0,0,0,0,0,0,0,0,0,0,0,0,0,0,0,0,0,0,0,0,0,0,1,1,0,0,0,1,1,0,0,0,0,0,0
Pulsus,3,4,1,0,0,1,1,2,2,2,2,2,2,1,0,0,0,2,2,3,4,3,3,4,3,4,4,3,1,0,1,1,0,2,1,3,3,2
Endo Orange,1,1,0,1,1,0,0,0,0,0,0,0,0,0,0,0,0,0,0,0,0,0,0,1,1,1,0,0,0,0,0,0,0,0,0,0,0,0
Chrono Burnt Sienna,2,2,0,0,0,0,0,0,0,0,0,0,0,0,0,0,0,0,0,1,1,1,1,1,1,1,0,0,0,0,0,0,0,0,0,0,0,0
Pork Pie Forest Green,1,1,1,0,0,0,0,1,1,1,1,1,1,1,1,1,1,0,0,0,0,0,0,0,0,0,0,0,0,0,0,0,0,1,1,0,0,0
Wizard Hat Titanium White,1,1,1,0,0,1,1,2,1,1,1,1,1,1,2,2,2,1,1,1,1,1,1,0,0,0,0,0,0,0,0,0,0,1,2,1,0,0
Cromulon Pink,2,2,1,0,0,0,0,2,2,2,2,2,1,1,1,2,2,1,1,2,1,1,1,1,1,1,0,0,0,0,0,0,0,1,0,0,0,0
Revenant,1,1,1,0,0,1,1,2,1,1,1,1,1,2,2,2,2,1,1,0,0,0,0,0,0,1,1,0,1,1,0,0,1,1,0,1,0,0
Gaiden Purple,1,2,2,2,2,2,1,1,1,1,1,2,2,2,2,2,2,1,0,0,0,0,0,0,0,0,0,0,0,0,0,0,0,0,0,0,1,1
XVI Orange,1,1,1,1,1,0,0,1,1,1,1,1,1,1,1,1,1,0,0,0,0,0,0,0,0,0,0,0,0,0,0,0,0,0,0,0,0,0
MDGA Sky Blue,1,1,1,0,0,0,0,1,1,1,1,1,1,1,1,1,1,0,0,0,0,0,0,0,0,0,0,0,0,0,0,0,0,0,0,0,0,0
Narwhal Forest Green,1,1,1,0,0,0,0,1,1,1,1,1,1,1,1,1,1,0,0,0,0,0,0,0,0,0,0,0,0,0,0,0,0,0,0,0,0,0
Equalizer Sky Blue,1,1,1,2,1,1,1,3,3,2,2,3,3,2,2,2,1,0,0,0,0,1,1,1,0,1,1,1,2,2,2,3,2,0,0,0,0,2
Looper Cobalt,1,1,0,0,0,0,0,0,0,0,0,0,0,0,0,0,0,0,0,0,0,0,0,0,0,0,0,0,0,0,0,0,0,0,0,0,0,1
Clockwork Crimson,1,1,1,2,1,1,1,1,1,0,0,0,0,0,0,0,0,0,0,0,0,0,0,0,0,1,1,0,0,0,0,0,0,0,0,1,1,0
Balla-Carrà Grey,1,1,0,1,1,1,0,1,1,1,1,1,0,0,1,1,1,1,1,0,0,0,0,0,0,2,2,0,0,0,0,0,0,0,0,0,0,1
Hiro Crimson,1,1,0,0,0,0,1,1,1,1,1,0,0,0,0,0,0,0,0,0,0,0,0,0,0,0,0,0,0,0,0,0,0,0,0,0,0,1
Chrono Pink,1,1,0,0,0,0,0,0,0,0,0,0,0,0,0,0,0,0,0,0,0,0,0,0,0,0,1,1,1,0,0,0,0,0,0,0,0,1
Looper Black,2,2,0,0,0,0,0,0,0,0,0,0,0,0,0,0,0,0,0,1,1,1,1,1,2,2,0,0,0,0,1,1,0,0,0,1,1,1
Hikari P5 Cobalt,1,1,0,0,0,0,0,0,0,0,0,0,0,0,0,0,0,0,0,0,0,0,0,0,0,1,1,1,1,1,0,0,0,0,0,1,0,0
Standard Grey,2,2,0,1,1,1,1,1,1,1,1,1,1,1,1,1,0,0,0,0,0,0,0,0,0,0,0,0,0,0,0,0,0,0,0,1,0,1
Ion Titanium White,3,3,1,1,1,1,4,5,4,4,3,3,3,2,2,1,0,0,1,2,2,2,2,1,0,1,1,0,0,1,1,0,0,0,1,2,2,2
Wizard Hat Crimson,2,2,1,1,1,1,1,1,2,2,2,2,3,3,1,1,1,1,0,0,0,0,0,0,0,0,0,0,1,1,0,0,0,1,0,0,0,0
Kyrios Titanium White,1,2,1,1,1,1,0,0,0,0,2,5,5,5,6,6,4,1,1,0,1,1,1,0,0,0,1,1,1,0,1,2,1,0,1,0,1,1
Mantis,1,1,0,0,1,1,1,1,3,2,2,2,2,2,0,0,0,3,4,4,4,1,0,0,0,0,1,1,1,3,2,1,2,1,1,3,3,1
Rat Rod Pink,1,1,0,0,0,0,0,0,0,0,0,1,1,1,1,1,1,0,0,0,0,0,0,0,0,0,0,0,0,0,0,0,0,0,0,0,0,0
Candy Corn,1,1,0,1,1,1,0,0,0,0,0,1,1,1,1,1,1,0,0,0,1,1,1,0,0,0,0,0,0,0,0,0,0,0,0,0,0,0
Soccer Splash,2,2,1,1,1,1,1,1,1,1,0,1,1,1,1,1,1,0,1,1,2,3,3,4,3,1,1,2,1,0,1,2,2,1,1,0,2,2
Saptarishi,1,3,6,7,1,1,1,1,2,2,2,2,2,2,1,1,2,1,2,2,4,4,3,2,1,1,1,2,2,2,1,1,1,0,4,2,3,2
Voltaic,2,3,1,1,1,1,0,0,0,0,0,1,2,2,3,3,5,4,3,3,2,1,1,2,4,5,2,1,1,1,2,2,2,1,0,1,3,4
Octane Titanium White,2,2,2,4,4,3,5,4,4,5,14,15,16,18,18,18,6,6,6,4,6,5,16,15,19,8,10,13,9,4,19,19,7,11,4,3,15,15
Equalizer Purple,1,2,1,1,1,1,0,0,0,0,0,0,0,0,0,0,0,0,0,0,0,0,0,0,0,0,1,1,1,1,2,1,3,3,0,0,0,0
Jäger 619 RS Forest Green,1,1,0,0,0,0,0,0,0,0,0,0,0,0,0,0,0,0,0,0,0,0,0,0,0,0,0,0,0,0,0,0,0,0,0,0,0,0
Power-shot Lime,2,2,1,2,2,1,1,1,1,2,1,1,1,1,1,1,1,1,0,0,0,0,0,0,0,1,1,1,1,1,1,1,0,1,0,1,1,2
Little Cow,1,1,1,1,1,1,1,1,1,1,0,0,0,0,0,0,0,0,0,0,0,0,0,0,0,0,0,0,0,0,0,0,0,0,0,0,1,1
Gaiden Grey,1,1,0,0,1,1,1,0,0,0,0,0,0,0,0,0,0,0,0,0,0,0,0,0,0,0,0,0,0,0,0,1,1,0,0,0,0,0
Nipper Pink,1,3,2,2,3,2,2,1,1,2,2,1,1,1,2,3,2,2,3,3,1,2,1,1,1,0,0,1,1,0,2,2,0,1,2,3,1,0
Dominus GT,2,3,1,1,1,1,2,2,1,1,1,0,0,1,1,2,5,5,6,5,3,2,1,2,1,1,1,2,3,1,3,3,0,3,4,4,7,2
Takumi RX-T,1,1,0,0,0,0,1,1,1,1,1,0,0,0,1,1,1,1,1,0,2,2,2,2,1,1,1,1,0,0,0,0,0,1,2,0,0,1
ARA-51,1,2,1,0,0,0,1,1,1,1,2,2,2,2,2,2,2,2,1,2,2,2,3,2,2,2,1,1,1,0,1,1,1,1,2,1,2,1
Spiralis,1,2,2,1,0,3,3,3,0,2,2,2,2,3,3,3,2,2,2,1,1,1,1,1,0,1,1,0,0,0,0,0,0,1,1,1,1,0
Lobo,1,1,0,0,0,2,2,2,0,0,0,0,0,0,1,1,1,1,1,1,0,1,2,1,1,2,1,0,0,0,0,0,0,1,1,0,1,3
Dark Matter,1,1,0,0,0,0,0,1,1,2,2,2,2,1,1,0,0,2,2,2,3,3,2,1,0,0,0,1,2,2,1,1,1,2,1,0,1,2
Ninja Cobalt,2,2,0,1,1,1,0,1,1,1,1,1,0,0,1,1,1,1,1,0,0,0,0,0,0,0,0,0,0,0,0,0,0,0,0,0,0,0
Breakout,1,1,0,0,0,0,0,0,0,0,0,0,0,0,0,0,0,0,0,0,0,0,0,0,0,0,0,0,0,0,0,0,0,0,0,0,0,0
Clockwork,3,3,0,0,0,1,1,3,3,4,4,4,2,1,1,0,3,3,3,4,3,1,1,1,4,5,2,0,1,2,1,0,0,2,2,1,2,2
Tachyon,1,2,5,4,0,1,1,2,1,1,1,1,1,1,0,0,0,1,2,2,2,3,3,4,3,2,1,0,0,0,0,1,1,2,5,0,1,1
Magic Missile Titanium White,3,3,4,4,1,2,4,4,4,4,4,4,5,4,3,3,3,3,3,1,1,1,4,4,4,2,4,3,2,1,1,0,4,7,1,2,2,2
Werewolf Sky Blue,1,1,0,1,1,1,0,5,6,7,7,7,7,4,2,1,1,2,2,2,2,1,1,1,1,0,0,1,2,1,0,0,0,0,0,0,1,1
Photon Titanium White,1,1,1,1,0,0,0,0,0,0,0,0,0,0,0,0,0,0,0,1,1,1,0,0,0,0,0,0,0,0,0,0,0,0,0,0,0,0
Saptarishi Titanium White,1,2,3,2,0,1,2,1,1,1,14,14,14,14,17,17,5,5,4,1,1,0,0,0,1,1,0,0,1,1,2,3,1,1,1,1,1,0
Ripped Comic,1,3,2,5,5,3,2,1,1,2,0,1,2,3,5,5,5,6,4,3,1,0,0,1,5,4,5,1,2,1,2,1,0,4,6,5,0,3
Anodized,1,3,2,3,4,2,2,1,2,2,2,2,2,2,1,1,2,2,2,3,3,2,4,8,7,1,1,0,1,2,6,7,5,2,7,4,2,3
Yuzo Titanium White,1,1,1,1,0,0,0,0,1,2,2,3,3,3,2,2,1,1,1,2,3,2,1,0,0,1,1,2,3,3,1,1,1,4,3,0,2,3
Yuzo Pink,1,1,0,0,0,1,1,1,3,3,3,3,2,2,0,0,0,0,0,0,0,0,0,0,0,0,0,1,1,1,0,0,0,0,0,0,1,2
Yuzo Black,2,2,1,1,1,1,1,1,1,0,0,0,0,0,0,0,0,0,0,0,0,0,0,0,0,0,0,0,0,0,0,0,0,1,1,0,0,0
Yuzo Cobalt,2,2,1,1,0,0,0,0,0,0,1,1,1,1,1,1,0,1,1,2,2,1,2,2,2,2,1,0,1,2,1,0,0,0,0,0,1,1
Yuzo Purple,1,1,0,0,0,0,0,0,0,0,0,0,0,0,1,1,1,1,2,2,2,2,2,1,1,0,0,0,2,3,1,2,1,1,0,0,0,1
Yuzo Crimson,1,1,0,1,1,1,2,2,2,2,2,1,0,0,0,0,0,1,1,1,2,1,1,0,2,2,1,0,0,0,0,0,0,0,1,0,0,0
Yuzo Forest Green,1,2,1,0,2,2,1,0,2,2,2,2,2,2,0,1,3,4,4,4,4,1,2,2,1,2,2,1,1,0,1,1,1,2,1,1,0,0
Blast Ray Purple,1,1,1,2,2,1,3,3,3,2,1,0,0,0,0,0,0,0,0,0,0,0,0,0,0,3,3,3,1,1,0,0,1,3,2,1,1,1
Dot Rush,2,2,1,0,2,1,1,4,4,5,4,5,6,3,2,1,2,2,0,0,1,1,1,1,1,1,1,1,2,3,3,2,4,5,9,6,1,2
Tachyon Titanium White,1,1,0,0,0,0,1,1,1,1,0,0,0,1,1,1,1,1,1,0,1,1,1,0,1,1,1,1,1,1,3,2,0,1,2,0,1,0
FSL Black,1,1,0,1,1,1,1,1,1,1,1,0,1,1,2,2,2,2,1,1,1,1,1,0,0,1,1,1,0,0,0,0,0,0,0,0,0,1
Plasma Cobalt,1,1,0,0,0,0,0,0,0,0,0,0,0,0,0,0,0,0,0,0,0,0,0,0,0,0,0,0,0,0,0,0,0,0,0,0,0,0
Dissolver,3,7,8,8,7,4,3,4,3,3,3,3,2,3,3,3,3,6,8,10,9,9,5,4,2,6,7,8,7,4,3,4,4,4,3,4,4,2
Tachyon Forest Green,1,1,0,1,1,1,0,0,0,0,0,0,0,0,0,0,0,0,0,0,1,1,1,0,0,0,0,0,0,0,0,0,0,0,0,0,0,1
Revenant Forest Green,1,1,0,0,1,1,1,1,1,1,2,1,1,1,1,1,0,0,0,0,0,0,0,0,0,0,0,0,0,0,0,0,0,0,0,0,0,0
Revenant Sky Blue,1,1,0,0,0,0,0,0,1,1,1,1,1,1,0,0,0,0,0,0,1,1,1,1,0,0,0,0,0,0,0,0,0,0,0,0,0,0
Revenant Burnt Sienna,1,1,0,0,0,0,0,0,0,0,0,0,0,0,0,0,0,0,0,0,0,0,0,0,0,1,1,0,0,0,0,0,0,0,0,0,0,0
Revenant Saffron,1,2,1,0,0,0,0,1,2,2,2,2,2,1,0,0,0,0,0,0,0,0,0,0,0,0,0,1,1,0,0,0,0,0,0,0,0,0
Saptarishi Black,1,1,0,0,0,0,0,0,0,0,1,1,1,1,2,2,2,2,2,1,0,0,0,0,0,0,1,1,1,0,0,0,0,0,0,0,1,1
Zomba Sky Blue,3,3,1,1,0,0,0,0,0,0,0,0,0,1,1,1,1,1,1,0,2,2,2,1,0,2,2,1,1,0,4,4,0,0,1,1,1,1
Octopus Crimson,1,1,1,2,1,1,1,1,1,1,1,1,1,1,1,1,1,1,0,0,0,0,0,0,0,0,0,0,0,0,0,0,0,0,0,1,0,0
Thermal Lime,1,1,0,0,0,0,0,0,0,0,0,0,0,0,0,0,0,0,0,0,0,0,0,0,0,0,0,0,0,0,0,0,1,1,1,1,0,0
Tunica Sky Blue,1,1,0,0,0,0,0,0,0,0,0,0,0,0,1,2,2,2,2,2,0,0,0,0,0,0,0,0,0,0,0,0,0,0,0,0,0,0
X-Devil Lime,1,1,0,0,0,0,0,0,0,0,0,0,0,0,0,0,0,0,0,0,0,0,0,0,0,0,0,0,0,0,0,0,0,2,0,0,0,1
Sacred Orange,1,1,0,0,1,1,1,0,0,0,0,0,0,0,0,0,0,0,0,0,0,0,0,0,0,0,0,0,0,0,0,0,0,0,0,1,0,0
Sacred Saffron,1,1,0,0,0,0,0,0,1,1,1,1,1,1,0,0,0,0,0,0,1,1,1,1,1,0,0,0,0,0,0,0,0,0,0,1,0,0
Sparkles Grey,2,2,1,1,0,0,0,0,0,0,0,0,0,0,0,0,0,0,0,0,0,0,0,0,0,0,0,1,1,1,1,1,1,0,0,0,0,0
Merc Forest Green,1,1,0,0,0,0,0,0,0,0,0,0,0,0,0,0,0,0,0,0,0,0,0,0,0,0,0,0,0,0,0,0,0,0,0,0,0,0
Ion Lime,1,1,0,0,0,0,0,0,0,0,0,0,0,0,0,0,0,0,0,0,0,0,0,0,0,0,0,0,0,0,1,1,1,1,1,3,2,0
Standard Titanium White,1,1,0,0,1,1,1,3,4,4,4,4,4,2,2,2,1,1,1,3,4,5,4,2,1,1,1,1,1,0,0,0,0,2,2,0,3,2
Tsunami Beam Black,1,1,0,0,0,0,1,2,2,2,2,2,2,1,1,1,1,0,1,1,1,2,1,3,4,2,2,3,1,2,3,2,1,1,0,1,3,1
Lift-Off,2,2,1,0,0,0,0,0,0,0,0,0,1,1,1,3,3,3,2,2,0,0,0,0,0,0,1,1,1,2,2,2,0,1,1,1,3,1
Mantis Titanium White,1,1,1,1,1,1,2,1,1,1,1,0,0,1,1,1,1,1,1,0,0,0,0,0,1,1,1,0,1,2,0,0,0,0,2,3,1,2
Doughnut Pink,1,1,0,0,0,0,0,0,0,0,0,0,0,0,0,0,0,0,0,0,0,0,0,0,0,0,0,1,1,0,0,0,0,0,1,0,0,0
Fractal Fire Cobalt,1,1,1,1,0,0,0,0,0,0,0,0,0,0,0,0,0,0,0,0,0,0,0,0,0,0,0,0,0,0,0,0,0,0,2,1,1,0
Endo Lime,1,1,0,0,0,0,1,1,1,0,0,0,0,0,0,0,0,0,0,0,0,0,0,0,0,0,0,0,1,1,0,0,0,1,1,1,1,0
X-Devil Saffron,1,1,0,1,1,1,0,0,0,0,0,0,0,0,0,0,0,0,0,0,0,0,0,0,0,0,0,0,1,1,0,0,0,0,0,1,0,0
Photon,1,2,1,1,1,2,1,2,1,1,1,1,1,0,0,1,1,2,3,3,2,2,1,0,1,2,1,0,1,1,0,0,0,0,0,1,0,0
Cauldron,1,2,1,1,0,1,1,1,0,0,0,0,0,1,1,2,2,2,3,3,1,2,1,1,1,3,3,4,3,1,0,1,1,1,0,0,1,1
Hiro,1,1,1,2,1,1,1,1,1,0,0,0,0,1,2,2,2,2,3,2,1,1,1,1,2,3,4,4,4,4,2,3,4,4,3,2,2,3
Septem Crimson,3,1,1,0,0,0,0,0,0,0,1,1,1,1,2,2,2,3,4,4,3,3,3,3,3,1,1,1,2,1,1,1,1,0,1,0,1,1
Offer Crimson,1,1,0,0,0,0,0,0,0,0,0,0,0,0,0,0,0,0,0,0,0,0,0,0,0,0,0,0,0,0,0,0,0,0,0,0,0,0
Critters,1,1,0,0,0,0,0,0,0,0,0,0,0,0,0,0,0,0,0,0,0,0,0,0,0,0,0,0,0,0,0,1,2,0,1,0,1,1
Cold Front Lime,1,1,0,0,0,0,0,0,0,0,0,0,0,0,0,0,0,0,0,0,0,0,0,0,0,0,0,0,0,0,0,0,0,0,0,0,0,0
Funnybook,1,1,0,0,1,1,2,1,1,1,1,1,0,0,0,0,0,0,0,0,0,0,0,0,1,1,0,0,0,0,0,0,0,1,0,0,1,1
Homburg,1,1,0,0,0,0,0,0,0,0,0,0,0,0,0,0,0,0,0,0,0,0,0,0,0,0,0,0,0,0,0,0,0,0,0,0,0,0
Candy Cane,1,2,1,0,1,2,1,1,0,0,0,0,0,1,1,1,1,1,1,0,0,0,0,0,0,1,1,0,0,0,1,1,0,0,2,2,0,0
Cold Front,1,1,0,0,0,0,0,0,0,0,0,0,0,0,0,0,0,0,0,0,0,0,0,0,0,0,0,0,0,0,0,0,0,0,0,0,0,0
Jack-In-The-Box Purple,1,1,0,0,0,0,0,0,0,0,0,0,0,0,0,0,0,0,0,0,0,0,0,0,0,0,0,0,0,0,0,0,0,0,0,0,0,0
Funny Book Saffron,1,1,0,0,0,0,0,0,0,0,0,0,0,0,0,0,0,0,0,0,0,0,0,0,0,0,0,0,0,0,0,0,0,0,0,0,0,0
Hikari P5 Pink,1,1,2,2,2,1,0,0,0,0,0,0,0,0,2,3,3,3,3,3,2,2,2,2,2,1,2,2,1,1,2,1,1,1,1,2,1,1
Plasma Crimson,1,1,0,0,0,0,1,1,1,1,1,1,1,1,1,1,0,0,0,0,0,0,0,0,1,1,0,0,0,1,1,1,2,2,2,2,2,2
Ion Grey,1,1,0,0,0,0,1,1,1,1,1,1,1,1,1,1,0,0,0,0,0,0,0,0,0,0,0,0,0,0,0,0,0,0,0,0,0,0
Almas Burnt Sienna,1,1,0,0,0,0,1,1,1,1,1,1,1,1,1,1,0,0,0,0,0,0,0,0,0,0,0,0,0,0,0,0,0,0,0,0,0,0
Helios Lime,1,2,1,0,0,0,2,2,2,2,1,1,1,1,1,1,0,0,0,0,0,0,0,0,0,0,0,0,0,0,0,0,0,0,0,0,0,0
Neo-Thermal Orange,1,1,0,0,0,0,1,1,1,1,1,1,1,1,1,1,0,0,0,0,0,0,0,0,0,0,0,0,0,0,0,0,0,0,2,0,0,0
Trahere Forest Green,1,1,0,0,0,0,0,0,0,0,0,0,0,0,0,2,2,2,2,2,0,0,0,0,0,0,0,0,0,0,0,0,0,0,0,0,0,0
Starbase ARC,1,1,0,0,0,0,0,0,0,0,0,0,0,0,0,0,0,0,0,0,0,0,0,0,0,2,2,1,1,1,0,1,1,1,2,2,1,0
Ball King,1,1,0,1,2,2,0,0,0,0,0,0,0,0,0,0,0,0,0,0,0,0,0,0,0,0,0,0,0,0,0,0,0,0,0,0,0,0
FSL Burnt Sienna,1,1,0,0,0,0,0,0,0,0,0,0,0,0,0,0,0,0,0,1,1,1,1,1,1,1,0,0,0,0,0,0,0,0,0,0,0,0
Septem Purple,2,2,1,0,0,0,0,0,0,0,0,0,0,0,0,0,0,0,0,2,2,2,2,2,2,2,0,0,1,1,0,0,0,0,0,0,0,0
Saptarishi Grey,1,1,0,0,0,0,0,0,0,0,0,0,0,0,1,2,2,2,2,2,1,1,2,2,2,1,0,0,0,0,0,0,0,0,0,0,0,0
Hiro Titanium White,1,2,2,2,1,1,2,2,2,1,0,0,0,0,0,0,0,0,0,1,1,1,1,1,2,2,0,0,0,1,1,0,0,1,1,1,1,0
Triplex Pink,1,1,0,0,0,0,0,0,0,0,0,0,0,0,0,1,1,1,1,2,1,1,1,1,1,1,0,0,0,0,1,1,0,0,0,0,0,0
Cauldron Titanium White,1,1,0,0,0,0,0,0,0,0,0,0,0,0,0,1,1,1,1,2,1,2,2,2,1,1,0,0,0,0,0,0,0,0,0,2,0,0
Septem Cobalt,2,1,0,0,0,0,0,0,0,0,0,0,0,0,0,0,0,0,0,2,2,2,2,3,3,2,0,0,3,3,0,0,0,0,0,0,0,0
Cauldron Black,1,1,0,0,0,0,0,0,0,0,0,0,0,0,0,0,0,0,0,1,1,1,1,2,2,2,0,0,0,0,0,0,0,0,0,0,0,0
Breakout Grey,1,1,0,0,0,0,0,0,0,0,0,0,0,0,0,0,0,0,0,1,1,1,0,1,1,1,1,1,1,0,0,0,0,0,0,0,1,1
Fantasmo Cobalt,1,1,0,0,0,0,0,0,0,0,0,0,0,0,0,0,0,0,0,1,1,1,0,1,1,1,1,1,1,0,0,0,0,0,0,0,0,0
Fantasmo Titanium White,1,1,0,0,1,1,1,0,0,0,0,0,0,0,0,0,0,0,0,1,1,1,0,1,1,2,2,1,1,0,0,0,0,0,1,1,1,0
Hikari P5 Sky Blue,1,1,0,0,2,2,1,1,1,0,0,0,0,2,2,4,4,5,5,4,2,1,0,1,1,1,1,2,2,1,1,0,0,1,3,3,0,0
Tsunami Beam Crimson,1,1,0,0,0,1,1,1,1,1,1,1,1,1,1,1,1,1,0,1,1,1,0,1,3,4,2,2,3,1,2,2,0,2,1,2,2,2
Nipper Burnt Sienna,1,1,0,0,0,2,2,2,2,0,0,1,2,2,2,2,2,2,1,1,1,2,2,2,1,1,1,2,1,0,0,0,1,1,0,1,2,3
Vortex Titanium White,1,1,0,0,0,0,0,0,0,0,0,1,1,1,1,1,1,1,1,1,1,1,1,2,2,1,1,1,0,1,1,0,2,3,1,1,1,2
Catfish Titanium White,1,1,0,0,0,0,0,0,0,0,0,1,1,1,1,1,1,1,1,1,1,1,1,1,1,1,1,1,0,0,0,0,1,1,0,1,1,1
Toon Sketch Black,1,2,1,2,2,0,0,0,0,0,0,1,1,1,1,1,1,1,2,2,2,2,1,1,2,2,1,4,3,3,0,0,1,4,5,1,3,3
Lustrum X10 Black,1,1,0,0,0,0,0,0,0,0,0,1,2,2,2,2,2,2,2,1,1,2,2,2,1,1,1,1,0,0,0,0,1,1,0,1,1,1
Aether Cobalt,1,1,0,0,0,0,0,0,0,0,0,1,1,1,1,1,1,1,1,1,1,1,1,1,1,1,1,1,0,0,0,0,1,1,0,1,1,1
X-Devil Titanium White,1,1,0,1,1,1,0,0,0,0,0,1,1,1,1,1,1,1,1,1,1,2,2,2,1,1,1,1,0,0,0,0,1,1,0,2,4,4
Balla-Carrà Burnt Sienna,1,1,0,0,0,0,0,0,0,0,0,1,1,1,1,1,1,1,1,1,1,1,1,1,1,1,1,1,0,0,0,0,1,1,0,1,1,1
Halo Grey,2,2,0,1,1,0,0,0,0,0,0,0,0,0,0,0,0,0,0,0,0,0,0,0,0,0,0,0,0,0,0,0,2,1,1,0,0,0
Stegosaur Titanium White,1,1,0,1,2,1,1,0,0,0,0,0,0,0,0,0,0,1,1,2,2,1,0,0,0,0,0,0,0,0,0,0,0,1,1,0,0,0
Stegosaur Crimson,1,1,0,1,1,0,0,0,0,0,0,0,0,0,0,0,0,0,0,0,0,0,0,0,0,0,0,0,0,0,0,0,0,0,0,0,0,0
Stegosaur Sky Blue,1,1,0,1,1,0,0,0,0,0,0,0,0,0,0,0,0,0,0,0,0,0,0,0,0,0,0,0,1,1,0,0,0,0,0,0,0,0
RLCS Titanium White,1,2,4,2,1,1,0,0,0,0,0,0,0,0,0,0,0,0,0,0,0,0,0,0,0,0,0,0,0,0,0,0,0,0,0,0,0,0
RLCS Grey,1,1,1,1,0,0,0,0,0,0,0,0,0,0,0,0,0,0,0,0,0,0,0,0,0,0,0,0,0,0,0,0,0,0,1,0,0,0
Centio V17 Titanium White,2,2,1,1,0,0,0,0,1,1,1,1,1,1,0,1,1,1,2,2,1,0,0,0,0,0,1,1,1,0,0,1,2,2,3,1,1,0
Rockat,1,1,1,1,0,0,0,0,0,0,0,0,0,0,0,0,0,0,0,0,0,0,0,0,0,0,0,0,0,0,0,0,0,2,2,0,0,1
Fantasmo Forest Green,1,1,0,0,0,0,1,1,1,1,1,0,0,0,0,0,0,0,0,0,0,0,0,0,0,0,0,0,0,0,0,0,0,0,0,0,0,0
Royal Crown Titanium White,12,13,1,1,2,2,1,1,2,2,2,13,13,13,13,14,14,14,14,14,13,14,14,13,13,13,13,16,5,3,0,1,13,14,2,12,13,1
Chakram Black,1,1,1,2,1,0,0,0,0,0,0,1,1,1,5,3,3,2,3,3,2,2,2,2,1,1,3,3,1,0,1,1,1,5,3,2,2,0
Blast Ray Titanium White,1,1,1,2,2,1,1,1,1,0,1,2,2,2,2,2,1,1,1,1,1,1,1,1,1,1,1,1,0,0,0,0,1,1,0,2,2,0
Nipper Titanium White,2,3,2,3,19,18,17,2,2,2,1,2,2,2,1,1,2,2,3,3,4,3,2,2,1,2,2,2,7,7,3,3,3,4,6,18,15,15
Lightning Crimson,1,2,1,0,1,1,0,1,3,3,4,5,6,5,3,3,2,2,1,2,4,4,5,4,6,4,2,2,1,0,2,3,1,1,0,4,6,5
Pulsus Titanium White,1,2,1,1,0,0,1,1,1,1,0,1,1,1,1,1,1,1,1,1,1,1,1,1,1,1,1,1,0,0,12,12,1,1,0,1,1,0
Nipper Orange,1,0,0,0,1,1,1,0,3,3,3,3,3,3,2,2,4,4,3,4,3,1,2,2,2,1,0,0,0,0,0,0,0,0,0,0,0,0
Fireplug Saffron,1,0,0,0,0,0,0,0,0,0,0,0,0,0,0,0,1,1,1,2,2,1,1,1,1,1,0,0,0,0,0,0,0,0,0,0,0,0
Grimalkin Orange,1,0,0,0,0,0,0,0,0,0,0,0,0,0,0,0,0,0,0,1,1,1,1,2,2,1,0,0,0,0,0,0,0,0,0,1,1,1
Looper Titanium White,1,1,12,13,1,1,0,0,0,0,0,0,0,1,1,1,1,1,1,1,1,1,2,2,2,4,3,1,1,1,12,12,0,0,2,2,2,2
Looper Saffron,1,1,0,0,0,0,0,0,0,0,0,0,0,0,0,0,0,0,0,1,1,1,1,1,1,1,0,0,0,1,1,0,0,0,0,0,0,0
Looper Lime,1,2,1,0,0,0,0,0,0,0,0,0,0,0,0,0,0,0,0,1,1,1,1,1,2,2,0,0,0,0,1,1,0,0,0,0,0,0
Looper Forest Green,1,1,0,1,1,1,0,0,0,0,0,0,0,0,0,0,0,0,0,1,1,1,1,2,2,4,2,1,1,3,2,1,1,1,2,1,1,1
Looper Burnt Sienna,1,1,0,0,0,0,0,0,0,0,0,0,0,0,0,0,0,0,0,1,1,1,1,1,1,1,0,0,0,0,0,0,0,0,0,0,0,0
Animus GP Grey,1,1,0,0,0,0,0,0,0,0,0,0,0,0,0,0,0,0,0,1,1,1,1,1,1,1,0,0,0,0,0,0,0,0,0,0,0,1
Animus GP Cobalt,1,1,0,0,0,0,0,0,0,0,0,0,0,0,0,1,1,0,1,2,1,1,1,1,1,1,0,0,0,0,0,0,0,0,0,1,2,1
Animus GP Purple,1,1,0,0,0,0,0,0,0,0,0,0,0,0,0,0,1,1,1,2,1,1,1,1,1,1,0,1,2,2,1,1,1,0,0,0,0,0
Animus GP Orange,1,1,0,0,0,0,0,0,0,0,0,0,0,0,0,0,0,0,0,1,1,1,1,3,3,1,0,0,0,0,0,0,0,0,0,0,0,0
Animus GP Lime,1,1,0,0,0,0,0,0,0,0,0,0,0,0,0,0,0,0,0,1,2,2,2,2,2,2,1,0,1,2,2,0,0,1,1,2,2,1
Animus GP Saffron,1,1,1,1,0,0,0,0,0,0,0,0,0,0,0,0,0,0,0,1,1,1,1,1,1,1,0,0,0,0,0,0,0,0,0,0,0,0
Centio V17 Crimson,2,2,0,4,4,1,1,1,1,0,0,0,0,0,0,0,0,1,1,3,4,4,4,3,3,4,1,0,0,1,0,0,1,1,1,1,1,0
Centio V17 Cobalt,1,1,0,0,0,0,0,0,0,0,0,0,0,0,0,0,0,0,0,1,1,1,1,1,1,1,0,0,0,0,0,0,0,0,0,0,0,0
Centio V17 Purple,1,1,0,0,0,0,1,1,1,1,1,0,0,0,0,0,0,0,0,1,1,1,1,1,1,1,0,0,0,0,0,0,0,0,0,0,0,0
Centio V17 Burnt Sienna,1,1,0,2,2,2,0,0,0,0,0,0,0,0,0,0,1,1,1,2,2,2,2,2,2,2,1,0,0,0,0,0,0,0,0,1,0,0
Vampire Bat,1,1,1,1,0,0,0,1,1,1,1,1,0,1,2,2,2,3,4,4,2,2,1,1,5,5,2,3,2,1,1,2,2,3,1,1,2,3
Jäger 619 RS Orange,1,1,0,0,0,0,0,1,1,1,1,1,0,0,0,0,0,0,0,0,0,0,0,0,0,0,0,0,0,0,0,0,1,1,0,0,0,0
Centio V17 Sky Blue,2,2,0,0,0,0,0,1,1,1,1,1,0,0,1,1,1,1,1,2,1,1,2,2,3,3,1,1,1,1,2,1,0,0,0,0,1,1
Wildcat Ears Crimson,1,1,0,0,0,0,0,0,0,0,0,0,0,0,0,0,0,0,0,1,1,1,2,2,2,1,0,0,0,1,1,0,0,0,0,0,0,0
Cromulon Orange,1,1,0,0,0,0,0,0,0,0,0,0,0,0,0,1,2,2,2,3,3,2,2,2,1,1,0,0,0,0,0,0,0,0,0,1,1,0
Cromulon Saffron,1,4,2,1,1,2,1,1,3,3,3,4,4,4,1,2,2,1,1,2,1,4,4,4,4,1,0,0,0,0,0,0,0,0,0,1,0,0
Unicorn Burnt Sienna,1,1,0,0,0,0,0,0,0,0,0,0,0,0,0,0,0,0,0,1,1,1,1,1,1,1,0,0,0,0,0,0,0,0,1,0,0,0
Unicorn Sky Blue,1,1,0,1,2,3,1,1,0,0,0,0,0,0,0,0,1,1,1,2,1,1,1,2,2,1,0,0,0,1,2,1,0,0,1,0,0,1
Unicorn Crimson,1,1,0,0,0,1,1,1,0,0,0,0,0,0,0,1,1,1,1,2,1,1,1,1,1,1,0,0,0,0,0,0,0,1,1,1,0,0
Unicorn Saffron,1,1,0,0,0,0,0,0,0,0,0,0,0,0,0,1,1,1,1,2,1,1,1,1,1,1,0,0,0,0,0,0,0,0,0,0,0,0
Draco Lime,2,4,2,3,1,2,3,3,2,2,0,0,0,1,1,1,1,2,2,2,4,4,4,2,3,5,4,4,5,8,5,3,2,6,7,3,6,6
Discotheque Crimson,1,3,2,1,0,0,0,0,0,0,0,0,0,0,0,0,0,0,0,1,1,1,1,1,1,2,1,0,0,0,0,0,0,0,0,0,0,0
Chrono Orange,1,1,0,0,0,0,0,0,1,1,1,1,1,1,0,0,0,0,0,1,1,1,1,1,1,1,0,0,0,0,0,0,0,0,0,0,1,1
Clockwork Purple,1,1,0,0,0,0,0,1,1,1,1,1,1,1,1,1,1,1,1,2,2,2,2,1,2,2,0,0,1,2,1,0,0,1,0,0,0,0
FGSP Forest Green,1,1,0,0,0,0,0,0,0,0,0,0,0,0,1,1,1,1,1,1,1,1,1,1,1,1,0,0,0,0,0,0,0,1,2,1,0,0
FGSP Cobalt,1,1,0,0,0,0,0,0,0,0,0,0,0,0,0,0,0,0,0,1,1,1,1,1,1,1,0,0,1,1,0,0,0,0,0,0,0,0
FGSP Lime,1,1,0,1,2,2,2,1,1,0,0,0,0,0,0,0,0,0,0,1,1,1,1,1,1,1,0,0,0,0,0,0,0,0,1,1,1,0
FGSP Pink,1,1,0,0,0,0,1,1,1,0,0,0,0,0,0,0,0,0,0,1,1,1,2,2,2,1,0,0,0,0,0,0,0,0,0,0,0,1
Magic Missile Lime,1,1,0,1,1,1,1,1,1,1,1,0,0,0,0,0,0,1,1,2,2,1,1,1,1,2,1,1,0,0,0,0,0,0,2,0,0,0
Neo-Thermal Grey,1,1,0,0,0,0,0,0,0,0,0,0,0,0,0,0,0,0,0,1,1,1,1,1,1,2,1,1,0,0,1,1,0,0,0,0,0,0
Neo-Thermal Saffron,1,1,0,0,0,0,0,0,0,0,0,0,0,0,0,0,0,0,0,1,1,1,1,1,1,1,1,1,0,0,0,0,0,0,0,0,0,0
Neo-Thermal Crimson,1,1,1,1,1,0,0,0,1,1,1,1,1,1,1,1,2,2,2,3,2,1,2,2,1,1,0,0,0,0,0,0,0,0,0,0,0,1
Neo-Thermal Burnt Sienna,1,1,0,0,0,0,0,0,0,0,0,0,0,0,0,0,0,0,0,1,1,1,1,1,1,1,0,0,0,0,0,0,0,0,0,0,0,0
Neo-Thermal Forest Green,1,1,0,0,0,0,0,0,0,0,0,0,0,0,0,0,1,1,1,2,2,1,1,1,1,2,1,1,0,0,0,0,0,1,0,0,0,0
Neo-Thermal Cobalt,1,1,0,0,0,0,0,0,0,0,0,1,1,1,1,1,1,0,0,1,1,1,1,1,2,3,2,2,0,0,0,0,0,1,1,0,1,1
Roulette Titanium White,2,2,4,6,6,6,5,5,5,5,5,5,5,5,5,3,4,1,1,1,0,0,0,0,3,3,2,2,2,0,4,4,4,5,5,1,3,3
Hexphase Forest Green,1,1,0,0,0,0,0,0,1,1,1,1,1,1,0,1,2,2,3,3,3,2,1,1,2,3,1,1,1,1,1,0,0,2,2,2,3,3
Plasma Saffron,1,1,0,0,0,0,0,0,0,0,0,0,0,0,0,0,0,0,1,1,1,1,0,0,0,0,0,0,0,0,0,0,0,0,0,0,0,0
Ion Orange,1,1,0,0,0,0,0,0,0,0,0,0,0,0,0,0,0,0,0,0,0,0,0,0,0,2,2,2,0,0,0,1,1,0,0,0,0,0
Centio V17 Pink,1,1,0,0,2,2,2,0,1,1,1,1,1,1,1,1,1,1,1,1,1,1,1,1,1,1,0,0,0,0,1,2,1,0,0,0,0,1
Mantis Saffron,1,1,0,0,0,0,0,0,0,0,0,0,0,0,0,0,0,0,0,1,1,1,1,1,2,2,0,0,0,0,1,1,0,0,0,1,2,2
Imperator DT5 Grey,1,1,0,1,1,1,0,0,0,0,1,1,1,1,1,1,0,0,0,1,1,2,2,2,2,1,0,0,1,1,0,0,0,0,0,0,0,0
Imperator DT5 Purple,1,1,0,0,0,0,1,1,1,1,1,1,1,1,3,3,3,3,2,3,1,2,3,3,1,1,2,2,1,1,2,2,0,1,0,0,1,1
Imperator DT5 Crimson,1,1,1,1,0,1,1,1,1,1,1,1,0,0,0,0,0,1,1,2,2,1,1,3,4,2,0,0,1,1,0,0,0,0,0,0,0,1
Centio V17 Forest Green,1,1,0,1,1,1,1,1,1,0,0,0,0,0,0,0,0,0,0,1,1,2,3,4,4,3,2,1,1,2,2,1,1,1,1,1,2,0
Centio V17 Black,1,1,0,0,0,0,0,0,0,0,0,0,0,0,0,0,0,0,0,1,1,1,1,1,1,1,0,0,0,0,0,0,0,0,0,0,0,0
Centio V17 Saffron,1,1,0,0,0,0,0,0,0,0,0,0,0,0,0,0,0,0,0,2,2,2,2,1,1,1,0,0,3,3,0,0,0,0,0,2,1,0
Dune Racer Black,1,1,2,2,1,0,0,0,0,0,0,0,0,0,0,0,1,1,1,1,1,0,0,0,0,0,0,1,1,0,0,0,0,0,0,0,0,0
Equalizer Titanium White,1,2,1,0,1,1,1,2,2,2,3,3,4,4,6,6,5,5,4,3,3,3,6,5,5,8,8,5,5,8,20,18,6,5,5,5,7,6
Breakout Sky Blue,1,3,2,0,1,1,1,0,1,1,1,1,1,1,1,1,1,1,1,0,0,0,0,0,0,0,0,0,0,0,0,0,0,1,2,0,0,1
Septem Pink,1,1,1,1,2,2,1,1,0,0,0,0,0,1,1,1,1,1,1,0,0,0,0,2,2,0,1,1,1,3,2,0,0,0,0,0,0,0
Septem Saffron,1,1,0,1,2,1,1,0,0,0,0,1,1,1,1,1,1,0,0,0,0,0,0,0,1,2,1,1,3,3,1,1,0,0,0,0,0,0
Samurai Titanium White,1,1,0,0,0,1,1,3,2,2,3,3,3,2,3,3,2,2,2,4,4,3,5,3,3,2,4,3,4,2,2,3,1,1,3,0,3,4
Toon Sketch Forest Green,1,1,0,1,1,0,0,0,0,0,0,0,0,0,0,0,0,0,0,0,0,0,1,1,4,4,2,0,0,1,1,0,0,1,1,0,0,0
Revenant Titanium White,1,1,0,0,0,0,0,1,1,1,1,1,0,0,0,0,0,0,0,0,0,0,0,0,0,0,0,0,0,0,1,1,0,0,0,0,1,1
Zombie,1,1,1,0,0,0,0,0,1,1,1,1,2,2,2,1,1,2,1,1,1,0,0,0,1,1,0,0,1,1,0,0,0,2,1,0,0,2
Comet Titanium White,1,1,1,0,0,0,0,0,0,0,0,0,0,0,0,0,0,0,0,0,0,0,0,0,0,0,0,2,2,1,0,0,1,0,0,0,0,0
Plasma,1,1,1,0,0,0,0,0,0,0,0,0,0,0,0,0,0,0,0,0,0,0,0,0,0,0,0,0,0,0,0,0,0,0,0,0,0,0
Chef's Hat Forest Green,1,1,1,0,0,0,0,0,1,1,1,1,1,1,0,0,0,0,0,0,0,0,0,0,0,0,1,1,2,1,0,0,0,1,0,0,0,0
Fire Helmet Purple,1,1,1,0,0,0,0,0,1,1,1,1,1,1,0,0,1,1,1,1,1,0,0,0,0,0,0,0,1,1,0,0,0,2,0,0,0,0
Devil Horns Grey,1,1,1,0,1,1,1,0,1,1,1,1,1,1,0,0,1,1,1,1,1,0,0,0,0,0,0,0,1,1,0,0,0,1,0,0,0,0
Top Hat Forest Green,1,1,1,0,0,0,0,0,1,1,1,1,1,1,0,0,1,1,1,1,0,0,0,0,0,0,0,0,1,1,0,0,1,1,0,0,0,0
Wizard Hat Lime,1,1,1,0,0,1,1,1,1,1,1,1,1,1,0,0,0,0,0,0,0,0,0,0,0,0,0,0,1,1,0,0,0,1,1,0,0,0
Mount Champion,1,1,1,0,0,1,1,1,1,1,1,1,1,1,0,0,0,0,0,0,0,0,0,0,0,2,2,2,1,1,0,0,0,1,0,0,0,0
WWE Monday Night RAW,1,1,1,0,0,0,0,0,1,1,1,1,3,5,4,4,6,6,2,2,2,1,1,3,5,3,2,5,4,2,3,4,2,1,0,1,0,0
Octane Orange,1,3,6,5,2,1,1,1,1,2,2,2,1,2,3,2,2,3,5,5,3,3,4,4,4,3,2,2,3,4,3,2,1,1,3,0,1,3
Apex Pink,1,1,1,0,0,0,1,1,1,1,1,1,1,2,2,2,1,1,1,0,0,0,0,0,0,1,1,0,1,1,0,0,0,0,1,0,1,0
Apex Grey,1,1,2,1,1,0,0,0,0,0,1,1,1,1,1,1,0,0,1,1,1,1,0,0,0,1,1,1,0,0,0,0,0,0,0,0,0,0
Merc Purple,1,1,1,0,0,0,0,0,0,0,0,0,0,0,0,0,0,1,1,1,1,0,0,0,0,0,0,0,0,0,0,0,0,0,0,0,0,0
Infinium Cobalt,1,1,2,1,1,1,2,2,1,1,1,1,0,0,0,0,0,0,1,1,1,2,1,1,1,4,4,3,1,1,0,1,1,0,1,2,1,1
Infinium Sky Blue,1,2,2,1,0,1,1,1,1,0,0,0,0,0,0,0,1,1,2,3,1,2,1,1,1,1,1,1,1,1,2,2,1,0,0,1,3,1
Hearts,0,1,1,2,1,1,0,0,0,0,0,0,0,0,0,1,1,1,1,1,0,0,3,3,3,1,2,2,2,0,4,5,2,2,2,2,0,0
Frostbite,0,0,2,2,2,1,1,0,0,1,1,2,2,2,2,2,2,1,0,0,0,0,0,0,0,0,0,0,0,0,1,3,3,1,3,2,0,1
Lightning Yellow,0,0,0,0,0,0,0,1,1,1,1,2,2,2,2,2,2,1,1,1,1,1,1,0,0,0,1,0,1,1,1,1,1,4,3,3,1,1
Magmus,0,2,0,0,1,1,1,0,0,0,0,0,0,0,0,0,0,0,0,0,0,0,0,0,0,1,2,0,1,1,1,2,1,0,1,1,0,0
Ink,0,1,0,0,1,1,21,20,20,1,21,21,21,21,21,22,22,2,1,1,0,0,1,1,1,1,2,0,1,1,2,2,0,0,1,1,0,0
Spatter,0,1,1,0,0,0,0,0,0,0,0,0,0,0,0,0,0,0,0,0,0,0,0,0,0,0,0,0,0,0,0,0,0,0,0,0,0,0
Falco,0,0,0,0,0,0,0,0,0,0,0,0,0,0,0,0,0,0,0,0,0,0,0,0,0,0,0,0,0,0,0,0,0,0,0,0,0,0
Spyder,0,0,0,0,0,0,0,0,0,0,0,0,0,0,0,1,1,1,1,1,0,0,0,0,0,0,0,0,0,0,0,0,0,0,0,0,0,0
Moai,0,2,2,1,0,0,1,1,1,1,1,0,1,1,1,1,1,1,0,1,1,1,4,3,2,0,1,2,2,0,2,4,4,2,1,1,0,0
Kyrios,0,0,1,1,1,0,2,4,4,4,4,3,4,2,2,2,2,4,3,3,2,3,3,2,1,1,1,4,5,6,4,2,2,1,2,4,3,2
Hypnotik,0,1,4,4,2,2,3,3,4,6,6,4,4,3,2,0,0,0,2,2,2,1,1,2,4,3,4,2,3,4,3,3,5,3,5,2,3,2
Breakout Type-S,0,2,2,1,2,3,2,2,2,2,2,2,2,2,0,0,2,2,4,6,5,5,1,2,1,1,1,4,4,2,2,2,1,0,2,0,0,1
Octane,0,0,0,0,0,1,1,0,0,0,0,0,0,0,0,0,0,0,0,0,0,0,0,0,0,0,0,0,0,0,0,0,0,0,0,0,0,0
Road Hog,0,0,0,0,0,0,0,0,0,0,0,0,0,0,0,0,0,0,0,0,0,0,0,0,0,0,0,0,0,0,0,0,0,0,0,0,0,0
Thermal,0,0,0,0,0,0,0,0,0,0,0,0,0,0,0,1,1,1,1,1,0,0,0,0,0,0,0,0,0,0,0,0,0,0,0,0,0,0
Flamethrower,0,0,0,0,0,0,0,0,0,0,0,0,0,0,0,0,0,0,0,0,0,0,0,0,0,0,0,0,0,0,0,0,0,0,0,0,0,0
Looper,0,0,0,1,1,1,0,0,0,0,0,0,0,0,0,0,0,0,1,1,1,1,1,1,1,0,0,0,0,0,0,0,0,2,2,5,3,0
Standard,0,0,0,0,0,0,0,0,0,0,0,0,0,0,0,0,0,0,0,0,0,0,0,0,0,0,0,0,0,0,0,0,0,0,0,0,0,0
Mariachi Hat,0,0,0,0,0,0,0,0,0,0,0,0,0,0,0,0,0,0,0,0,0,0,0,0,0,0,0,0,0,0,0,0,0,0,0,1,0,0
Proton,0,0,0,0,1,1,1,0,0,0,0,0,0,0,0,0,0,0,0,0,1,1,1,1,1,1,1,1,1,1,0,0,0,1,0,0,0,0
FSL,0,1,2,1,1,1,1,1,1,1,1,2,2,1,1,1,1,3,2,2,2,1,1,0,0,0,1,1,1,0,0,0,0,0,0,0,2,2
Dragon Lord,0,0,0,0,0,0,0,0,0,0,0,0,0,0,0,0,0,0,0,0,0,0,1,2,2,1,1,0,0,0,0,0,0,0,0,0,0,0
Dune Racer,0,0,0,2,5,7,4,4,4,3,4,4,3,3,4,5,5,4,3,3,4,4,4,4,3,4,6,6,3,3,2,5,5,3,4,1,3,3
Rose King,0,1,1,0,0,0,0,0,0,1,0,1,1,1,1,0,0,0,0,0,0,0,0,0,0,0,0,0,0,0,0,0,0,0,0,0,0,0
Heiwa,0,0,0,0,0,0,0,0,0,0,0,0,0,0,0,0,0,0,0,0,0,0,0,0,0,1,1,0,0,0,0,1,1,0,2,0,0,0
Super RX-T,0,0,0,0,0,0,0,0,0,0,0,0,0,0,0,0,0,0,0,0,0,0,0,0,1,1,0,0,1,1,0,0,0,1,0,0,0,1
Tribal,0,0,0,0,0,0,0,0,0,0,0,0,0,0,0,0,0,0,0,0,0,0,0,0,0,0,0,0,0,0,0,0,0,0,0,0,0,0
Treasure,0,0,0,0,0,0,0,1,1,1,1,2,2,2,2,2,2,1,1,1,1,1,1,0,0,0,1,0,2,2,0,0,0,0,1,1,0,0
Ninja,0,1,1,0,1,1,2,2,1,1,1,1,0,0,0,0,1,1,0,1,1,0,0,0,1,6,5,5,2,2,1,1,2,1,0,3,2,1
Discotheque,0,0,2,3,1,1,0,1,1,2,2,2,2,1,2,1,2,3,3,3,3,1,1,3,3,3,1,1,2,1,2,3,1,1,3,4,1,1
Nice Slice,0,0,0,0,0,1,1,0,0,1,1,0,1,1,1,1,1,1,1,1,1,1,0,0,0,1,2,1,2,2,1,1,1,0,2,2,0,3
Alchemist,0,0,0,0,0,0,0,0,0,0,0,0,0,0,0,0,0,0,0,0,0,0,0,0,0,0,0,0,0,0,0,0,0,0,0,0,0,0
Butterfly,0,1,0,1,1,1,0,1,1,1,1,1,1,1,1,1,1,1,1,1,1,1,1,0,0,0,0,0,3,3,0,0,0,0,0,0,1,1
Feather,0,0,1,2,1,1,0,0,0,0,0,0,0,0,0,0,0,0,0,0,0,1,1,1,0,1,1,0,0,0,0,1,1,0,0,0,0,0
Lone Wolf,0,0,0,0,1,1,1,0,0,0,2,4,5,5,5,5,3,1,1,0,0,0,0,0,1,1,0,0,0,0,0,0,0,0,1,3,0,0
Veloce,0,0,0,0,0,0,0,0,0,0,0,0,0,0,0,0,0,0,0,0,0,0,0,0,0,0,0,0,0,0,0,0,0,0,0,0,0,0
Taco,0,0,0,0,1,2,2,1,0,1,1,1,1,1,1,1,1,1,0,1,1,1,2,2,1,0,1,2,2,0,0,0,0,0,1,1,0,0
Christmas Tree,0,0,0,0,0,0,0,0,0,0,0,0,0,0,0,0,0,0,0,0,0,1,1,1,0,1,1,1,0,1,1,1,1,0,0,1,1,1
Griffon,0,0,0,0,0,0,0,0,0,0,0,0,0,0,0,0,0,0,0,0,0,0,0,1,1,0,0,0,0,0,0,1,1,1,1,0,0,0
Dieci,0,0,0,0,0,0,0,0,0,0,0,0,0,0,0,0,0,0,0,0,0,0,0,0,0,0,0,0,0,0,0,0,0,0,0,0,0,0
Clamshell,0,1,1,0,0,0,0,0,0,0,0,0,0,0,0,0,0,0,0,1,1,1,1,1,1,0,0,0,0,0,0,0,0,0,1,1,0,2
Plunger,0,0,0,0,0,0,0,0,0,0,0,0,0,0,0,0,0,0,0,1,1,1,1,0,0,0,0,0,1,0,0,0,0,0,0,0,0,0
Harpoon,0,0,0,0,0,0,0,0,0,0,0,0,0,0,0,0,0,0,0,0,0,0,0,0,0,0,0,0,0,0,0,0,0,0,0,0,0,0
Balloon Dog,0,0,0,0,0,0,0,0,0,0,0,0,0,0,0,0,0,0,0,0,0,0,0,0,0,0,0,0,0,0,0,0,0,0,0,0,0,0
Foam Finger,0,0,0,0,1,1,0,0,0,0,0,0,0,0,0,0,0,0,0,0,0,0,0,0,0,0,0,0,0,0,0,0,0,0,0,0,0,0
Baseball Cap (B),0,0,0,0,0,0,0,0,0,0,0,0,0,0,0,0,0,0,0,0,0,0,0,0,0,0,0,0,0,0,0,0,0,0,0,0,0,0
Bowler,0,0,0,0,0,0,0,0,0,0,0,0,0,0,0,0,1,1,1,2,2,1,1,0,0,0,0,0,0,0,0,0,0,0,0,0,0,0
Venus Flytrap,0,0,0,0,0,0,0,0,0,0,0,0,0,0,0,0,0,0,0,0,0,1,1,1,0,0,0,0,0,1,1,1,1,0,0,1,1,1
Octopus,0,0,0,0,1,1,1,0,1,1,1,1,1,1,1,1,1,1,0,0,0,0,0,0,0,0,0,0,0,0,0,0,0,0,0,0,0,0
Knitted Yarn,0,3,1,0,0,0,0,0,0,0,0,1,1,1,1,1,1,0,0,1,1,1,3,2,1,1,5,5,5,0,0,1,1,0,1,1,0,1
Christmas Wreath,0,0,0,0,0,0,0,0,0,0,0,0,0,0,0,0,0,0,1,1,1,1,0,0,0,0,0,0,0,0,0,0,0,0,0,0,0,0
Junk Food,0,1,1,1,0,0,0,1,1,1,1,1,1,1,1,1,1,1,1,1,1,1,1,0,0,1,1,0,1,1,0,1,1,0,2,1,0,0
Pigeon,0,0,1,2,1,0,0,1,1,1,1,1,1,0,0,0,0,0,0,0,0,0,1,1,2,4,3,3,1,0,1,3,2,1,2,0,0,0
Burlap,0,0,0,0,1,0,0,0,0,1,1,0,1,1,1,1,1,1,1,1,1,1,0,0,0,0,0,0,0,0,1,1,0,0,1,1,0,0
Chusho,0,0,0,0,0,0,0,0,0,0,0,0,0,0,0,0,0,0,0,0,0,0,0,0,0,0,0,0,0,0,0,0,0,0,0,0,0,0
Helios,0,0,0,1,1,1,0,0,1,1,1,1,1,1,0,0,2,2,1,3,5,3,3,0,1,3,3,3,0,0,2,2,0,0,0,0,0,1
Pixel Fire,0,0,1,2,1,1,0,1,1,1,1,2,2,1,1,2,2,2,2,2,2,1,1,1,1,2,1,1,1,1,0,0,1,0,0,1,1,0
Glossy Block,0,0,1,1,0,0,0,0,0,0,0,0,0,0,0,0,0,0,1,1,1,1,0,0,0,1,1,0,0,0,0,0,1,1,1,0,0,0
Circuit Board,0,0,1,1,1,1,2,1,1,1,1,3,2,2,2,2,2,0,0,0,0,0,0,1,1,1,1,0,1,2,1,0,1,2,0,1,0,0
Venom,0,1,1,0,0,0,0,0,0,0,0,0,0,0,0,0,0,0,0,0,0,0,0,0,0,0,0,0,0,0,0,0,0,0,0,0,0,0
Latte Saffron,1,0,0,0,0,0,0,0,0,0,0,0,0,0,0,0,0,0,0,0,0,0,0,0,0,0,0,0,0,0,0,0
Mariachi Hat Cobalt,1,0,3,0,3,0,3,0,3,0,3,0,3,0,0,0,0,0,0,0,0,3,3,3,3,0,0,0,0,0,0,0,0,1,1,0,0,0
Pirate's Hat Crimson,1,0,0,0,0,0,0,0,0,0,1,0,1,0,1,0,1,0,0,0,0,0,0,0,0,0,0,0,0,0,0,0,0,0,0,0
Balla-Carrà Saffron,4,0,3,0,1,0,1,0,0,0,0,0,0,1,0,1,0,1,0,0,0,0,0,0,2,0,2,0,0,0,0,0,0,0,0,0,1,0
Diomedes Purple,1,0,0,0,0,0,0,0,1,0,1,0,1,0,0,2,0,2,0,2,0,0,0,0,0,0,1,0,0,1,0,0
Hypnotik Lime,2,0,1,0,1,0,1,0,0,0,1,0,1,0,1,0,2,0,2,0,2,0,1,0,1,0,0,0,0,0,0,0,1,0,1,0,1,0
Hypnotik Purple,1,0,0,0,0,1,0,1,0,1,0,1,0,0,1,0,2,0,2,0,0,0,1,0,2,0,1,0,0,0,0,1,0,0,0
Samurai Lime,2,0,1,0,1,0,1,0,1,0,2,0,2,0,1,0,0,1,0,2,0
Toon Sketch Titanium White,3,0,2,0,1,0,1,0,2,0,6,0,2,0,1,0,2,0,2,0
Doughnut Eater Pink,1,0,0,0,0,0,1,0,0,0,0,0
REEVRB Purple,2,0,1,0,2,0,1,0,1,0,1,0,0,1,0
Hikari P5 Forest Green,1,0,0
Diomedes Pink,1,0,1,0
OEM Lime,1,0,0
Peppermint Grey,1,0,0
