TradeID,ItemIn
0,Offer
1,Hellfire
2,Offer
2,Hypnotik
2,Hypnotik
2,Hypnotik
2,Hypnotik
2,Hypnotik
2,Looper
2,Discotheque
2,Storm Watch
2,Wonderment
3,Slipstream
4,Player’s Choice Crate 1
4,Player’s Choice Crate 1
4,Player’s Choice Crate 1
4,Player’s Choice Crate 1
4,Player’s Choice Crate 1
4,Triumph Crate
4,Triumph Crate
4,Triumph Crate
4,Triumph Crate
4,Triumph Crate
5,Offer
5,Player’s Choice Crate 1
5,Roulette
5,Chakram
5,Zomba
5,Standard
5,Halo
5,Wonderment
5,Octane
5,Jäger 619 RS
6,Heatwave
6,Offer
7,Offer
7,Draco
7,Draco
7,Draco
7,Draco
7,Hypnotik
7,Hypnotik
7,Voltaic
7,Voltaic
7,Wonderment
8,Heatwave
9,Tora
10,Offer
10,Roulette
10,Kalos
10,FSL
10,Zomba
10,Endo
10,Mantis
10,Centio V17
10,Fireworks
10,Tora
11,Offer
12,Comet
12,Dominus GT
12,Breakout Type-S
12,Octane ZSR
12,Dragon Wings
12,Beaten Egg
12,Calculated
12,Anodized
12,Offer
12,Metallic Pearl (Smooth)
13,Tora
13,Key
13,Spectre
14,Offer
14,Slipstream
14,20XX
14,Parallax
14,Hypnotik
14,Hypnotik
14,Hypnotik
14,Draco
14,Draco
14,Dueling Dragons
15,Samurai
15,Triumph Crate
16,Octane
16,Key
16,Bubbly
17,Heatwave
17,Heatwave
17,Heatwave
17,Heatwave
17,Offer
18,Parallax
18,Slipstream
19,Griffon
19,Pearlescent (matte)
19,Offer
20,Offer
21,Chrono
21,Chrono
21,Chrono
21,Chrono
21,Chrono
21,Sub-Zero
21,Sunburst
21,Biomass
21,Tora
21,Offer
22,Offer
23,Offer
24,Halo
24,Spectre
24,Biomass
25,Bubbly
25,Key
25,Key
25,Trigon
25,Offer
26,Slipstream
27,Bubbly
27,20XX
27,Trigon
28,Player’s Choice Crate 1
28,Key
28,Octane ZSR
28,Offer
29,Offer
30,Offer
30,Draco
30,Gaiden
30,Gaiden
30,Gaiden
30,Dissolver
31,Chrono
31,Chrono
31,Chrono
31,Septem
31,Spiralis
31,Spiralis
31,Spiralis
31,Fireworks
31,Tora
31,Offer
32,Player’s Choice Crate 1
32,Nitro Crate
32,Offer
33,Hexphase
33,Offer
34,Offer
35,Offer
36,Mantis
36,Triplex
37,Comet
37,Comet
37,Key
38,Offer
39,Storm Watch
39,Trigon
40,Labyrinth
40,Hexed
40,Chrono
40,Tunica
40,Dieci
40,Octane
40,Octane
40,Octane
40,Offer
41,Offer
41,Trigon
42,Triumph Crate
42,Triumph Crate
42,Triumph Crate
42,Triumph Crate
42,Triumph Crate
42,Triumph Crate
42,Triumph Crate
43,Offer
44,Offer
44,Dissolver
44,Heatwave
44,Chameleon
44,Storm Watch
44,Hypnotik
44,Draco
44,Voltaic
44,Zomba
44,Champions Crate 4
45,Triumph Crate
45,Player’s Choice Crate 1
45,Player’s Choice Crate 1
45,Player’s Choice Crate 1
45,Player’s Choice Crate 1
45,Player’s Choice Crate 1
45,Player’s Choice Crate 1
45,Player’s Choice Crate 1
45,Player’s Choice Crate 1
45,Player’s Choice Crate 1
45,Player’s Choice Crate 1
46,Offer
46,Player’s Choice Crate 1
46,Triumph Crate
47,Offer
47,Offer
47,Offer
47,Offer
47,Offer
48,Bubbly
48,Biomass
49,Biomass
49,Spectre
49,Chrono
49,Kalos
49,Roulette
49,Sunburst
49,Tunica
49,Labyrinth
49,Octane
49,Offer
50,Player’s Choice Crate 1
50,Player’s Choice Crate 1
51,Offer
52,Player’s Choice Crate 1
52,Triumph Crate
52,Champions Crate 3
52,Champions Crate 2
52,Offer
53,Rat Rod
53,Rat Rod
53,Rat Rod
53,Rat Rod
54,Octane
54,Invader
54,Stern
54,Razzle
54,Infinium
54,Dissolver
54,Slipstream
54,Storm Watch
54,Trigon
54,Offer
55,Draco
55,Nitro Crate
55,Heatwave
55,Heatwave
56,Kalos
56,Roulette
56,Chrono
56,Sunburst
56,Sunburst
56,Biomass
56,Spectre
56,Octane
56,Labyrinth
56,Offer
57,Tora
58,Triumph Crate
58,20XX
58,Hypnotik
59,Zomba
59,Winter's Warmth
59,Offer
60,Player’s Choice Crate 1
60,Triumph Crate
60,Champions Crate 4
60,Offer
61,Bubbly
62,Offer
63,Triumph Crate
63,Player’s Choice Crate 1
63,Champions Crate 4
63,Champions Crate 4
63,Champions Crate 4
63,Champions Crate 4
63,Champions Crate 4
63,Champions Crate 4
63,Champions Crate 4
63,Champions Crate 4
63,Champions Crate 4
63,Champions Crate 4
63,Champions Crate 4
63,Champions Crate 4
63,Champions Crate 4
63,Champions Crate 4
63,Champions Crate 4
63,Champions Crate 4
63,Champions Crate 4
63,Champions Crate 4
63,Champions Crate 4
63,Champions Crate 4
63,Champions Crate 4
63,Champions Crate 4
63,Champions Crate 4
63,Champions Crate 4
64,Labyrinth
64,Heatwave
64,Bubbly
64,Poly Pop
64,Hellfire
64,Offer
64,Offer
64,Offer
65,Offer
65,Offer
65,Offer
66,Triumph Crate
66,Victory Crate
66,Player’s Choice Crate 1
67,20XX
68,Player’s Choice Crate 1
68,Triumph Crate
68,Triumph Crate
69,Heatwave
69,Heatwave
69,Key
69,Offer
70,Biomass
71,Offer
71,Dieci
71,Dieci
71,Veloce
71,Dune Racer
72,Hexed
72,Slipstream
72,Labyrinth
72,Labyrinth
73,Dune Racer
74,Heatwave
75,Offer
76,Heatwave
77,Octane
78,20XX
78,Bubbly
78,Offer
79,Infinium
79,Offer
80,Offer
80,Offer
80,Offer
81,Trigon
82,Player’s Choice Crate 1
82,Triumph Crate
83,Offer
83,Octane
83,Octane
83,Biomass
83,Hexed
83,Labyrinth
83,Parallax
84,Dissolver
84,Heatwave
84,Bubbly
84,Trigon
84,20XX
84,Storm Watch
84,Slipstream
84,Player’s Choice Crate 1
84,Triumph Crate
84,Offer
85,20XX
85,Hexed
85,Offer
85,Offer
85,Slipstream
85,Slipstream
85,Chameleon
86,Labyrinth
87,Key
87,Key
87,Key
87,Key
87,Key
88,Offer
88,Offer
88,Offer
88,Offer
88,Offer
88,Offer
88,Offer
88,Offer
88,Offer
88,Offer
89,REEVRB
89,Geo Soul
89,Equalizer
90,Parallax
91,Offer
92,Offer
93,20XX
93,Biomass
93,Bubbly
93,Hexed
93,Labyrinth
93,Parallax
93,Slipstream
93,Spectre
93,Storm Watch
93,Tora
94,Offer
94,Offer
94,Offer
94,Offer
94,Offer
95,Poly Pop
95,Parallax
95,Octane
95,Octane
96,20XX
96,Bubbly
96,Trigon
96,Chameleon
96,Hexed
96,Slipstream
96,Parallax
96,Octane
96,Octane
96,Offer
97,Biomass
97,Spectre
97,Labyrinth
97,Labyrinth
97,Labyrinth
97,Labyrinth
97,Labyrinth
98,Triumph Crate
98,Triumph Crate
98,Triumph Crate
98,Triumph Crate
98,Triumph Crate
99,Bubbly
99,Key
99,Flamethrower
99,Spectre
100,Offer
101,Offer
102,Player’s Choice Crate 1
102,Player’s Choice Crate 1
102,Player’s Choice Crate 1
102,Player’s Choice Crate 1
102,Player’s Choice Crate 1
102,Player’s Choice Crate 1
102,Player’s Choice Crate 1
102,Player’s Choice Crate 1
102,Player’s Choice Crate 1
102,Player’s Choice Crate 1
102,Player’s Choice Crate 1
102,Player’s Choice Crate 1
102,Player’s Choice Crate 1
103,Atomizer
103,Dueling Dragons
103,Electroshock
103,Fireworks
103,Party Time
103,Poly Pop
103,Sub-Zero
103,Popcorn
104,Slipstream
104,Offer
105,Offer
105,Saptarishi
105,Yuzo
105,Jäger 619 RS
106,Tora
107,Offer
108,Offer
109,Player’s Choice Crate 1
109,Triumph Crate
110,Heatwave
110,Chameleon
110,Bubbly
110,20XX
110,Trigon
110,Storm Watch
110,Offer
111,Dissolver
112,Bubbly
112,Slipstream
113,Slipstream
113,Key
113,Tora
113,Tora
113,Tora
114,Offer
114,Offer
114,Offer
114,Offer
114,Offer
114,Offer
114,Offer
114,Champions Crate 4
114,Triumph Crate
114,Player’s Choice Crate 1
115,RLCS
116,Offer
116,Nitro Crate
116,Victory Crate
116,Velocity Crate
116,Triumph Crate
116,Player’s Choice Crate 1
116,Champions Crate 1
116,Champions Crate 2
116,Champions Crate 3
116,Champions Crate 4
117,Trigon
118,Halo
118,Halo
118,Halo
118,Halo
118,Halo
118,Halo
118,Halo
118,Halo
118,Nitro Crate
118,Turbo Crate
119,Offer
120,Triumph Crate
120,Triumph Crate
120,Triumph Crate
120,Triumph Crate
120,Triumph Crate
120,Triumph Crate
120,Triumph Crate
120,Triumph Crate
120,Triumph Crate
120,Triumph Crate
120,Triumph Crate
120,Triumph Crate
120,Triumph Crate
120,Triumph Crate
120,Triumph Crate
120,Triumph Crate
120,Triumph Crate
120,Triumph Crate
120,Triumph Crate
120,Triumph Crate
121,Offer
122,Lift-Off
122,RL Esports
122,Jäger 619 RS
122,Octane ZSR
122,Rose King
122,Odd Fish
123,Spectre
124,Offer
124,Player’s Choice Crate 1
124,Champions Crate 4
124,Triumph Crate
125,Voltaic
125,20XX
125,Chrono
125,Pearlescent (matte)
125,Dissolver
125,Labyrinth
125,Storm Watch
126,Victory Crate
126,Nitro Crate
126,Turbo Crate
126,Player’s Choice Crate 1
126,Triumph Crate
127,Offer
128,Victory Crate
128,Triumph Crate
129,Tora
130,Heatwave
131,Wonderment
132,Player’s Choice Crate 1
132,Victory Crate
132,Triumph Crate
132,Halo
132,Halo
132,Halo
132,Halo
132,Halo
132,Halo
133,Discotheque
134,Bubbly
135,Offer
135,Triumph Crate
135,Halo
135,Halo
135,Halo
135,Halo
135,Halo
135,Halo
136,Offer
137,Dissolver
137,Octane
137,Dune Racer
137,Heatwave
137,Triumph Crate
138,20XX
139,Parallax
139,Parallax
140,Heatwave
140,Bubbly
140,Trigon
140,20XX
140,Storm Watch
140,Chameleon
141,Storm Watch
141,20XX
142,Offer
142,Heatwave
142,Dissolver
142,Dissolver
142,Key
142,Key
142,Octane
142,Octane
142,Draco
143,Bubbly
143,20XX
143,Slipstream
144,Offer
145,Hypnotik
146,Spectre
146,Biomass
147,Hexed
147,Biomass
147,Bubbly
147,Labyrinth
147,Storm Watch
147,Trigon
147,Triumph Crate
147,Nitro Crate
147,Player’s Choice Crate 1
148,Bubbly
148,Labyrinth
149,Dissolver
149,Key
149,Key
149,Key
149,Apex
149,Zomba
149,Octane
150,Zomba
151,Pulsus
151,Pulsus
152,Offer
153,Offer
154,Offer
155,Triumph Crate
156,20XX
156,Offer
157,Hellfire
157,Offer
158,Offer
159,Dot Rush
159,Comet
159,EKG-OMG
159,Key
160,Offer
161,Heatwave
161,Key
161,Bubbly
161,Slipstream
162,Player’s Choice Crate 1
162,Player’s Choice Crate 1
162,Player’s Choice Crate 1
162,Key
162,Octane ZSR
162,Breakout Type-S
162,Dominus GT
163,Player’s Choice Crate 1
163,Player’s Choice Crate 1
163,Player’s Choice Crate 1
163,Player’s Choice Crate 1
163,Player’s Choice Crate 1
163,Player’s Choice Crate 1
164,Offer
165,Heatwave
165,Heatwave
165,Heatwave
166,Hexed
166,Biomass
166,Labyrinth
166,Spectre
167,Trigon
167,20XX
167,Bubbly
167,Storm Watch
167,Slipstream
167,Offer
168,Offer
169,Player’s Choice Crate 1
169,Player’s Choice Crate 1
169,Player’s Choice Crate 1
169,Player’s Choice Crate 1
169,Player’s Choice Crate 1
169,Player’s Choice Crate 1
169,Player’s Choice Crate 1
169,Player’s Choice Crate 1
169,Player’s Choice Crate 1
169,Player’s Choice Crate 1
169,Player’s Choice Crate 1
169,Player’s Choice Crate 1
169,Player’s Choice Crate 1
169,Player’s Choice Crate 1
169,Player’s Choice Crate 1
169,Key
170,Werewolf
171,Storm Watch
171,Biomass
172,Biomass
172,Biomass
173,Chameleon
173,Slipstream
173,Key
173,Bubbly
173,20XX
174,Zomba
175,Player’s Choice Crate 1
175,Player’s Choice Crate 1
175,Player’s Choice Crate 1
175,Player’s Choice Crate 1
175,Player’s Choice Crate 1
175,Player’s Choice Crate 1
175,Player’s Choice Crate 1
175,Player’s Choice Crate 1
175,Slipstream
175,Offer
175,Offer
176,Party Time
176,Dissolver
177,Offer
178,Hellfire
178,Triumph Crate
178,Victory Crate
178,Player’s Choice Crate 1
178,Nitro Crate
178,Offer
179,20XX
179,Bubbly
179,Chameleon
180,Zomba
180,Champions Crate 4
181,Storm Watch
182,Offer
182,Heatwave
183,Offer
183,Triumph Crate
183,Player’s Choice Crate 1
184,Hexed
184,Parallax
185,Slipstream
186,Storm Watch
186,Biomass
186,Offer
186,Key
186,Bubbly
187,Triumph Crate
187,Player’s Choice Crate 1
188,Tora
189,Flamethrower
189,Flamethrower
189,Key
190,Offer
191,Octane
192,Offer
193,Heatwave
193,Offer
194,Offer
195,Triumph Crate
195,Victory Crate
195,Player’s Choice Crate 1
195,Nitro Crate
195,Offer
196,Hexed
196,Labyrinth
197,Offer
197,Offer
197,Offer
198,Octane
198,Key
198,Draco
198,Nitro Crate
199,Offer
199,Offer
200,Falco
200,Diomedes
200,Illuminata
200,Spyder
200,Heatwave
200,Heatwave
200,Heatwave
201,Bubbly
202,Octane
202,Octane
202,Octane
202,Octane
203,Hexed
203,Hexed
203,Hexed
204,Bubbly
204,Offer
204,Offer
205,Fireworks
205,Spectre
205,Dissolver
205,Electroshock
205,Heatwave
205,Werewolf
205,Trigon
205,Poly Pop
206,Offer
207,Electroshock
207,Sub-Zero
207,Sub-Zero
207,Spectre
207,Tora
207,Tora
207,Key
207,Key
207,Fireworks
207,Offer
208,20XX
208,Storm Watch
208,Bubbly
209,Octane
209,Octane
209,Draco
209,Nitro Crate
209,Key
209,Offer
210,Offer
211,Offer
212,Dot Rush
212,Anodized
212,Kyrios
212,Comet
212,REEVRB
212,Hypnotik
213,Venom
213,Venom
213,Venom
213,Venom
213,Venom
213,Venom
214,Offer
215,Wonderment
215,Looper
215,Kalos
216,Zomba
217,Razzle
217,Razzle
217,Key
217,Hypnotik
218,Offer
219,Player’s Choice Crate 1
219,Player’s Choice Crate 1
220,Triumph Crate
220,Offer
220,Bubbly
220,Draco
221,Offer
221,Offer
222,Octane
223,Biomass
223,Key
223,Fireworks
224,Labyrinth
224,Hexed
224,Offer
224,Storm Watch
224,20XX
224,Bubbly
225,Offer
226,Dissolver
226,Heatwave
226,Octane
227,Apex
228,Super RX-T
228,Sticker Bomb
228,Aqueous
228,Tribal
228,Jiangshi
228,MDGA
228,Kawaii
228,Cold Front
228,Critters
228,Widow's Web
229,Hexed
229,Hexed
229,Key
229,Key
229,Parallax
229,Biomass
229,Biomass
229,Spectre
229,Tora
230,Offer
231,Hiro
231,Illuminata
231,Lustrum X10
231,RLCS
231,RLCS
231,RLCS
231,Athena
231,Buzz Kill
231,Christmas Tree
231,Thanatos
232,Octane
233,Offer
233,Witch's Hat
233,Witch's Hat
233,Witch's Hat
233,Sub-Zero
233,Storm Watch
233,Spectre
233,Slipstream
233,Parallax
233,Trigon
234,Triumph Crate
234,Triumph Crate
234,Triumph Crate
234,Triumph Crate
234,Triumph Crate
234,Triumph Crate
234,Triumph Crate
234,Triumph Crate
234,Triumph Crate
234,Triumph Crate
235,20XX
235,Key
235,Key
235,Key
235,Bubbly
235,Trigon
235,Hexed
235,Parallax
236,Spectre
236,Offer
237,Offer
238,Offer
239,Offer
239,Accelerator Crate
239,Champions Crate 4
239,Nitro Crate
239,Victory Crate
239,Velocity Crate
239,Turbo Crate
239,Triumph Crate
239,Player’s Choice Crate 1
239,Champions Crate 3
240,20XX
241,Triumph Crate
241,Triumph Crate
241,Triumph Crate
241,Triumph Crate
241,Triumph Crate
241,Triumph Crate
241,Triumph Crate
241,Triumph Crate
241,Triumph Crate
241,Biomass
242,Triumph Crate
242,Player’s Choice Crate 1
243,Discotheque
243,Discotheque
243,Roulette
243,Zomba
243,Equalizer
243,Kalos
243,Wonderment
243,Pulsus
244,Mantis
245,Offer
246,Triumph Crate
246,Triumph Crate
246,Triumph Crate
246,Triumph Crate
246,Triumph Crate
246,Triumph Crate
246,Triumph Crate
246,Triumph Crate
246,Triumph Crate
246,Triumph Crate
246,Triumph Crate
247,Stegosaur
247,Stegosaur
248,Anodized
249,Samurai
250,Offer
251,Dragon Lord
251,RLCS
251,Dune Racer
251,Octane
251,Apex
251,Apex
251,Offer
251,Offer
251,Offer
251,Offer
252,Blast Ray
253,Triumph Crate
254,Hypnotik
255,Labyrinth
255,Hexed
255,Spectre
255,Tora
256,Anodized
257,Accelerator Crate
257,Offer
257,Offer
257,Offer
257,Velocity Crate
257,Turbo Crate
257,Victory Crate
257,Champions Crate 1
257,Champions Crate 2
257,Champions Crate 3
257,Champions Crate 3
257,Champions Crate 3
257,Champions Crate 3
257,Champions Crate 3
257,Champions Crate 3
257,Champions Crate 3
257,Champions Crate 3
257,Champions Crate 3
258,Offer
259,Offer
259,Calculated
259,Salty
259,EQ
259,Samurai
259,REEVRB
259,Kyrios
259,Illuminata
259,Z-Plate
260,Offer
261,Triumph Crate
262,Octane ZSR
262,Breakout Type-S
262,Dominus GT
262,Player’s Choice Crate 1
263,Biomass
264,Velocity Crate
264,Victory Crate
264,Player’s Choice Crate 1
264,Champions Crate 4
265,Offer
266,Draco
266,Samurai
266,Dune Racer
266,Zomba
266,Zomba
267,Halo
267,Halo
267,Halo
267,Halo
267,Halo
267,Halo
267,Halo
267,Halo
267,Halo
267,Dominus GT
268,Dune Racer
268,Lightning
268,Zomba
268,Samurai
268,Ninja
268,Froggy
268,Ion
268,Kyrios
268,Infinium
268,Razzle
268,Centio V17
268,Centio V17
269,Offer
270,Chameleon
271,Hypnotik
271,Hypnotik
271,Hypnotik
271,Hypnotik
271,Zomba
271,Dieci
271,REEVRB
271,REEVRB
271,REEVRB
271,Octane
271,Octane
271,Jäger 619 RS
272,Tora
272,Labyrinth
272,Offer
272,Player’s Choice Crate 1
272,Zomba
272,Trigon
272,Storm Watch
272,Bubbly
272,Parallax
272,Draco
273,Samurai
273,Samurai
273,Samurai
273,Samurai
273,Samurai
273,Samurai
273,Samurai
273,Samurai
273,Samurai
273,Samurai
274,Slipstream
274,Parallax
275,Slipstream
276,Heatwave
276,Key
276,Key
276,Atomizer
276,20XX
276,20XX
277,Zomba
278,Halo
279,Octane
280,Triumph Crate
280,Triumph Crate
280,Triumph Crate
280,Triumph Crate
280,Triumph Crate
280,Triumph Crate
280,Triumph Crate
281,Player’s Choice Crate 1
281,Offer
281,Hexed
281,Biomass
281,Triumph Crate
281,Tora
281,Spectre
282,Offer
283,20XX
283,Bubbly
283,Trigon
284,Offer
285,Heatwave
285,Heatwave
285,Heatwave
286,Offer
287,20XX
287,Hexed
288,Offer
288,Nitro Crate
288,Victory Crate
288,Velocity Crate
288,Turbo Crate
288,Triumph Crate
288,Player’s Choice Crate 1
288,Accelerator Crate
288,Champions Crate 2
289,Offer
290,Offer
291,Offer
292,Hypnotik
292,Hypnotik
292,Hypnotik
293,Draco
293,Heatwave
293,Heatwave
293,Heatwave
293,Heatwave
293,Octane
294,Fireworks
294,Spectre
295,Breakout Type-S
295,Dominus GT
295,Octane ZSR
296,Heatwave
297,Offer
298,Biomass
298,Biomass
298,Biomass
298,Spectre
298,Spectre
298,Spectre
299,Offer
300,Offer
300,Player’s Choice Crate 1
300,Triumph Crate
300,Victory Crate
300,Nitro Crate
300,Velocity Crate
300,Accelerator Crate
300,Overdrive Crate
300,Turbo Crate
301,Octane
301,Biomass
301,Tora
302,Octane
303,Bubbly
304,Offer
305,20XX
306,Offer
307,Triumph Crate
308,Offer
309,Offer
310,Offer
310,Player’s Choice Crate 1
310,Champions Crate 4
310,Nitro Crate
311,Offer
312,Equalizer
312,Zomba
312,K2
313,Offer
314,Slipstream
315,Offer
316,Bubbly
317,Offer
318,Wonderment
318,ARA-51
318,Roulette
318,Roulette
318,Chrono
318,Equalizer
318,Discotheque
318,Kalos
319,Offer
319,Player’s Choice Crate 1
319,Victory Crate
319,Velocity Crate
319,Turbo Crate
319,Turbo Crate
319,Triumph Crate
319,Accelerator Crate
320,Offer
321,Bubbly
322,Player’s Choice Crate 1
322,Nitro Crate
323,Offer
324,Tora
324,Key
324,Offer
325,Champions Crate 4
325,Player’s Choice Crate 1
325,Nitro Crate
326,Octane ZSR
326,Breakout Type-S
326,Dominus GT
327,Dieci
328,Slipstream
328,Biomass
328,Tora
329,Offer
329,Player’s Choice Crate 1
329,Nitro Crate
329,Champions Crate 4
329,Hexed
329,Biomass
330,Dieci
331,Victory Crate
331,Victory Crate
331,Victory Crate
331,Victory Crate
331,Victory Crate
331,Victory Crate
331,Triumph Crate
331,Triumph Crate
331,Triumph Crate
331,Triumph Crate
331,Triumph Crate
332,Offer
333,Biomass
333,Offer
333,Offer
333,Offer
333,Offer
333,Offer
333,Labyrinth
333,Parallax
333,Hexed
333,Tora
334,Offer
335,Offer
336,Offer
337,Offer
338,Chameleon
338,Parallax
339,Offer
339,Champions Crate 4
339,Nitro Crate
339,Player’s Choice Crate 1
340,Offer
341,Offer
341,Heatwave
341,20XX
342,Comet
342,Magic Missile
342,Magic Missile
342,Halo
342,Halo
342,Halo
342,Octane
342,Octane
342,Octane
342,Triumph Crate
343,Labyrinth
343,Hexed
343,Biomass
343,Offer
343,Offer
344,Player’s Choice Crate 1
344,Nitro Crate
344,Champions Crate 4
345,Offer
346,Slipstream
346,Offer
346,Labyrinth
346,Labyrinth
347,Feather
347,Ink
347,Hearts
347,Magmus
347,Lightning Yellow
347,Lightning
347,Toon Smoke
347,Treasure
347,Taco
347,Cookie Dough
348,Offer
349,Octane
350,Offer
351,Hexed
351,Offer
351,Offer
352,Spectre
352,Biomass
352,Hexed
352,Labyrinth
353,Hypnotik
354,Parallax
355,Heatwave
355,Chameleon
355,Bubbly
355,Trigon
355,20XX
355,Storm Watch
355,Slipstream
355,Parallax
355,Hexed
355,Offer
356,Biomass
356,Labyrinth
356,Spectre
357,Hearts
357,Metallic (Smooth)
357,Salty
357,Junk Food
357,Toon Smoke
357,Pigeon
357,Starbase ARC
357,Unicorn
357,Cookie Dough
357,Knitted Yarn
358,Champions Crate 4
358,Player’s Choice Crate 1
358,Nitro Crate
358,Offer
359,Offer
360,Triumph Crate
360,Triumph Crate
360,Triumph Crate
360,Triumph Crate
360,Triumph Crate
360,Triumph Crate
360,Triumph Crate
360,Triumph Crate
360,Triumph Crate
360,Triumph Crate
361,Offer
362,Offer
363,Apex
363,Heatwave
363,Dieci
363,Offer
364,Storm Watch
364,Bubbly
364,Dot Rush
365,Offer
366,Apex
366,Apex
366,Apex
366,Apex
366,Apex
366,Apex
366,Apex
367,Offer
368,Offer
368,Offer
368,Halo
368,Halo
369,Dieci
369,Sub-Zero
370,Takumi RX-T
371,Offer
372,Hexed
373,Victory Crate
373,Victory Crate
373,Victory Crate
373,Victory Crate
373,Victory Crate
373,Victory Crate
373,Triumph Crate
373,Triumph Crate
373,Triumph Crate
374,Heatwave
374,Chameleon
374,Bubbly
374,Trigon
374,20XX
374,Tora
374,Slipstream
374,Parallax
374,Player’s Choice Crate 1
374,Spectre
375,Razzle
375,Storm Watch
375,Key
375,Key
375,Key
375,Trigon
375,Wonderment
375,Wonderment
375,Dieci
375,Slipstream
376,Offer
377,Voltaic
378,Trigon
378,20XX
378,Bubbly
379,Offer
379,Hypnotik
380,Bubbly
380,Key
380,Key
380,Trigon
380,Offer
381,Slipstream
382,Bubbly
382,20XX
382,Trigon
383,Player’s Choice Crate 1
383,Key
383,Octane ZSR
383,Offer
384,Offer
385,Offer
385,Draco
385,Gaiden
385,Gaiden
385,Gaiden
385,Dissolver
386,Chrono
386,Chrono
386,Chrono
386,Septem
386,Spiralis
386,Spiralis
386,Spiralis
386,Fireworks
386,Tora
386,Offer
387,Player’s Choice Crate 1
387,Nitro Crate
387,Offer
388,Hexphase
388,Offer
389,Offer
390,Offer
391,Mantis
391,Triplex
392,Comet
392,Comet
392,Key
393,Offer
394,Storm Watch
394,Trigon
395,Offer
396,Hellfire
397,Offer
397,Hypnotik
397,Hypnotik
397,Hypnotik
397,Hypnotik
397,Hypnotik
397,Looper
397,Discotheque
397,Storm Watch
397,Wonderment
398,Slipstream
399,Player’s Choice Crate 1
399,Player’s Choice Crate 1
399,Player’s Choice Crate 1
399,Player’s Choice Crate 1
399,Player’s Choice Crate 1
399,Triumph Crate
399,Triumph Crate
399,Triumph Crate
399,Triumph Crate
399,Triumph Crate
400,Triumph Crate
400,Player’s Choice Crate 1
400,Player’s Choice Crate 1
400,Player’s Choice Crate 1
400,Player’s Choice Crate 1
400,Player’s Choice Crate 1
400,Player’s Choice Crate 1
400,Player’s Choice Crate 1
400,Player’s Choice Crate 1
400,Player’s Choice Crate 1
400,Player’s Choice Crate 1
401,Offer
401,Player’s Choice Crate 1
401,Triumph Crate
402,Offer
402,Offer
402,Offer
402,Offer
402,Offer
403,Bubbly
403,Biomass
404,Biomass
404,Spectre
404,Chrono
404,Kalos
404,Roulette
404,Sunburst
404,Tunica
404,Labyrinth
404,Octane
404,Offer
405,Player’s Choice Crate 1
405,Player’s Choice Crate 1
406,Offer
407,Player’s Choice Crate 1
407,Triumph Crate
407,Champions Crate 3
407,Champions Crate 2
407,Offer
408,Rat Rod
408,Rat Rod
408,Rat Rod
408,Rat Rod
409,Octane
409,Invader
409,Stern
409,Razzle
409,Infinium
409,Dissolver
409,Slipstream
409,Storm Watch
409,Trigon
409,Offer
410,Draco
410,Nitro Crate
410,Heatwave
410,Heatwave
411,Kalos
411,Roulette
411,Chrono
411,Sunburst
411,Sunburst
411,Biomass
411,Spectre
411,Octane
411,Labyrinth
411,Offer
412,Tora
413,Triumph Crate
413,20XX
413,Hypnotik
414,Zomba
414,Winter's Warmth
414,Offer
415,Offer
416,Chrono
416,Chrono
416,Chrono
416,Chrono
416,Chrono
416,Sub-Zero
416,Sunburst
416,Biomass
416,Tora
416,Offer
417,Offer
418,Offer
419,Halo
419,Spectre
419,Biomass
420,Offer
420,Offer
420,Offer
421,Triumph Crate
421,Victory Crate
421,Player’s Choice Crate 1
422,20XX
423,Player’s Choice Crate 1
423,Triumph Crate
423,Triumph Crate
424,Heatwave
424,Heatwave
424,Key
424,Offer
425,Biomass
426,Offer
426,Dieci
426,Dieci
426,Veloce
426,Dune Racer
427,Hexed
427,Slipstream
427,Labyrinth
427,Labyrinth
428,Dune Racer
429,Heatwave
430,Offer
431,Heatwave
432,Octane
433,20XX
433,Bubbly
433,Offer
434,Infinium
434,Offer
435,Labyrinth
435,Hexed
435,Chrono
435,Tunica
435,Dieci
435,Octane
435,Octane
435,Octane
435,Offer
436,Offer
436,Trigon
437,Triumph Crate
437,Triumph Crate
437,Triumph Crate
437,Triumph Crate
437,Triumph Crate
437,Triumph Crate
437,Triumph Crate
438,Offer
439,Offer
439,Dissolver
439,Heatwave
439,Chameleon
439,Storm Watch
439,Hypnotik
439,Draco
439,Voltaic
439,Zomba
439,Champions Crate 4
440,Dissolver
440,Heatwave
440,Bubbly
440,Trigon
440,20XX
440,Storm Watch
440,Slipstream
440,Player’s Choice Crate 1
440,Triumph Crate
440,Offer
441,20XX
441,Hexed
441,Offer
441,Offer
441,Slipstream
441,Slipstream
441,Chameleon
442,Labyrinth
443,Key
443,Key
443,Key
443,Key
443,Key
444,Offer
444,Offer
444,Offer
444,Offer
444,Offer
444,Offer
444,Offer
444,Offer
444,Offer
444,Offer
445,REEVRB
445,Geo Soul
445,Equalizer
446,Parallax
447,Offer
448,Offer
449,20XX
449,Biomass
449,Bubbly
449,Hexed
449,Labyrinth
449,Parallax
449,Slipstream
449,Spectre
449,Storm Watch
449,Tora
450,Offer
450,Offer
450,Offer
450,Offer
450,Offer
451,Poly Pop
451,Parallax
451,Octane
451,Octane
452,20XX
452,Bubbly
452,Trigon
452,Chameleon
452,Hexed
452,Slipstream
452,Parallax
452,Octane
452,Octane
452,Offer
453,Biomass
453,Spectre
453,Labyrinth
453,Labyrinth
453,Labyrinth
453,Labyrinth
453,Labyrinth
454,Triumph Crate
454,Triumph Crate
454,Triumph Crate
454,Triumph Crate
454,Triumph Crate
455,Bubbly
455,Key
455,Flamethrower
455,Spectre
456,Player’s Choice Crate 1
456,Triumph Crate
456,Champions Crate 4
456,Offer
457,Bubbly
458,Offer
459,Triumph Crate
459,Player’s Choice Crate 1
459,Champions Crate 4
459,Champions Crate 4
459,Champions Crate 4
459,Champions Crate 4
459,Champions Crate 4
459,Champions Crate 4
459,Champions Crate 4
459,Champions Crate 4
459,Champions Crate 4
459,Champions Crate 4
459,Champions Crate 4
459,Champions Crate 4
459,Champions Crate 4
459,Champions Crate 4
459,Champions Crate 4
459,Champions Crate 4
459,Champions Crate 4
459,Champions Crate 4
459,Champions Crate 4
459,Champions Crate 4
459,Champions Crate 4
459,Champions Crate 4
459,Champions Crate 4
459,Champions Crate 4
460,Slipstream
460,Offer
461,Offer
461,Saptarishi
461,Yuzo
461,Jäger 619 RS
462,Tora
463,Offer
464,Offer
465,Player’s Choice Crate 1
465,Triumph Crate
466,Heatwave
466,Chameleon
466,Bubbly
466,20XX
466,Trigon
466,Storm Watch
466,Offer
467,Dissolver
468,Bubbly
468,Slipstream
469,Slipstream
469,Key
469,Tora
469,Tora
469,Tora
470,Offer
470,Offer
470,Offer
470,Offer
470,Offer
470,Offer
470,Offer
470,Champions Crate 4
470,Triumph Crate
470,Player’s Choice Crate 1
471,RLCS
472,Offer
472,Nitro Crate
472,Victory Crate
472,Velocity Crate
472,Triumph Crate
472,Player’s Choice Crate 1
472,Champions Crate 1
472,Champions Crate 2
472,Champions Crate 3
472,Champions Crate 4
473,Trigon
474,Halo
474,Halo
474,Halo
474,Halo
474,Halo
474,Halo
474,Halo
474,Halo
474,Nitro Crate
474,Turbo Crate
475,Offer
476,Offer
476,Offer
476,Offer
477,Trigon
478,Player’s Choice Crate 1
478,Triumph Crate
479,Offer
479,Octane
479,Octane
479,Biomass
479,Hexed
479,Labyrinth
479,Parallax
480,Offer
480,Player’s Choice Crate 1
480,Champions Crate 4
480,Triumph Crate
481,Voltaic
481,20XX
481,Chrono
481,Pearlescent (matte)
481,Dissolver
481,Labyrinth
481,Storm Watch
482,Victory Crate
482,Nitro Crate
482,Turbo Crate
482,Player’s Choice Crate 1
482,Triumph Crate
483,Offer
484,Victory Crate
484,Triumph Crate
485,Tora
486,Heatwave
487,Wonderment
488,Player’s Choice Crate 1
488,Victory Crate
488,Triumph Crate
488,Halo
488,Halo
488,Halo
488,Halo
488,Halo
488,Halo
489,Discotheque
490,Bubbly
491,Offer
491,Triumph Crate
491,Halo
491,Halo
491,Halo
491,Halo
491,Halo
491,Halo
492,Offer
493,Dissolver
493,Octane
493,Dune Racer
493,Heatwave
493,Triumph Crate
494,20XX
495,Parallax
495,Parallax
496,Triumph Crate
496,Halo
496,Halo
496,Halo
496,Halo
496,Halo
496,Halo
497,Offer
498,Offer
499,Player’s Choice Crate 1
499,Player’s Choice Crate 1
499,Player’s Choice Crate 1
499,Player’s Choice Crate 1
499,Player’s Choice Crate 1
499,Player’s Choice Crate 1
499,Player’s Choice Crate 1
499,Player’s Choice Crate 1
499,Player’s Choice Crate 1
499,Player’s Choice Crate 1
499,Player’s Choice Crate 1
499,Player’s Choice Crate 1
499,Player’s Choice Crate 1
500,Offer
501,Hypnotik
502,Spectre
502,Biomass
503,Hexed
503,Biomass
503,Bubbly
503,Labyrinth
503,Storm Watch
503,Trigon
503,Triumph Crate
503,Nitro Crate
503,Player’s Choice Crate 1
504,Bubbly
504,Labyrinth
505,Dissolver
505,Key
505,Key
505,Key
505,Apex
505,Zomba
505,Octane
506,Zomba
507,Pulsus
507,Pulsus
508,Offer
509,Offer
510,Offer
511,Triumph Crate
512,20XX
512,Offer
513,Hellfire
513,Offer
514,Offer
515,Dot Rush
515,Comet
515,EKG-OMG
515,Key
516,Offer
517,Triumph Crate
517,Triumph Crate
517,Triumph Crate
517,Triumph Crate
517,Triumph Crate
517,Triumph Crate
517,Triumph Crate
517,Triumph Crate
517,Triumph Crate
517,Triumph Crate
517,Triumph Crate
517,Triumph Crate
517,Triumph Crate
517,Triumph Crate
517,Triumph Crate
517,Triumph Crate
517,Triumph Crate
517,Triumph Crate
517,Triumph Crate
517,Triumph Crate
518,Offer
519,Lift-Off
519,RL Esports
519,Jäger 619 RS
519,Octane ZSR
519,Rose King
519,Odd Fish
520,Heatwave
520,Key
520,Bubbly
520,Slipstream
521,Player’s Choice Crate 1
521,Player’s Choice Crate 1
521,Player’s Choice Crate 1
521,Key
521,Octane ZSR
521,Breakout Type-S
521,Dominus GT
522,Player’s Choice Crate 1
522,Player’s Choice Crate 1
522,Player’s Choice Crate 1
522,Player’s Choice Crate 1
522,Player’s Choice Crate 1
522,Player’s Choice Crate 1
523,Offer
524,Heatwave
524,Heatwave
524,Heatwave
525,Hexed
525,Biomass
525,Labyrinth
525,Spectre
526,Trigon
526,20XX
526,Bubbly
526,Storm Watch
526,Slipstream
526,Offer
527,Offer
528,Player’s Choice Crate 1
528,Player’s Choice Crate 1
528,Player’s Choice Crate 1
528,Player’s Choice Crate 1
528,Player’s Choice Crate 1
528,Player’s Choice Crate 1
528,Player’s Choice Crate 1
528,Player’s Choice Crate 1
528,Player’s Choice Crate 1
528,Player’s Choice Crate 1
528,Player’s Choice Crate 1
528,Player’s Choice Crate 1
528,Player’s Choice Crate 1
528,Player’s Choice Crate 1
528,Player’s Choice Crate 1
528,Key
529,Werewolf
530,Storm Watch
530,Biomass
531,Biomass
531,Biomass
532,Chameleon
532,Slipstream
532,Key
532,Bubbly
532,20XX
533,Zomba
534,Player’s Choice Crate 1
534,Player’s Choice Crate 1
534,Player’s Choice Crate 1
534,Player’s Choice Crate 1
534,Player’s Choice Crate 1
534,Player’s Choice Crate 1
534,Player’s Choice Crate 1
534,Player’s Choice Crate 1
534,Slipstream
534,Offer
534,Offer
535,Party Time
535,Dissolver
536,Offer
537,Hellfire
537,Triumph Crate
537,Victory Crate
537,Player’s Choice Crate 1
537,Nitro Crate
537,Offer
538,20XX
538,Bubbly
538,Chameleon
539,Heatwave
539,Bubbly
539,Trigon
539,20XX
539,Storm Watch
539,Chameleon
540,Storm Watch
541,Offer
541,Heatwave
542,Offer
542,Triumph Crate
542,Player’s Choice Crate 1
543,Hexed
543,Parallax
544,Slipstream
545,Storm Watch
545,Biomass
545,Offer
545,Key
545,Bubbly
546,Triumph Crate
546,Player’s Choice Crate 1
547,Tora
548,Flamethrower
548,Flamethrower
548,Key
549,Offer
550,Octane
551,Offer
552,Heatwave
552,Offer
553,Offer
554,Triumph Crate
554,Victory Crate
554,Player’s Choice Crate 1
554,Nitro Crate
554,Offer
555,Hexed
555,Labyrinth
556,Offer
556,Offer
556,Offer
557,Octane
557,Key
557,Draco
557,Nitro Crate
558,Offer
558,Offer
559,Offer
560,Falco
560,Diomedes
560,Illuminata
560,Spyder
560,Heatwave
560,Heatwave
560,Heatwave
561,Bubbly
562,Octane
562,Octane
562,Octane
562,Octane
563,Hexed
563,Hexed
563,Hexed
564,Bubbly
564,Offer
564,Offer
565,Fireworks
565,Spectre
565,Dissolver
565,Electroshock
565,Heatwave
565,Werewolf
565,Trigon
565,Poly Pop
566,Offer
567,Electroshock
567,Sub-Zero
567,Sub-Zero
567,Spectre
567,Tora
567,Tora
567,Key
567,Key
567,Fireworks
567,Offer
568,20XX
568,Storm Watch
568,Bubbly
569,Octane
569,Octane
569,Draco
569,Nitro Crate
569,Key
569,Offer
570,Offer
571,Offer
572,Dot Rush
572,Anodized
572,Kyrios
572,Comet
572,REEVRB
572,Hypnotik
573,Venom
573,Venom
573,Venom
573,Venom
573,Venom
573,Venom
574,Offer
575,Wonderment
575,Looper
575,Kalos
576,Zomba
577,Offer
578,Player’s Choice Crate 1
578,Player’s Choice Crate 1
579,Zomba
579,Champions Crate 4
580,Offer
580,Offer
581,Octane
582,Biomass
582,Key
582,Fireworks
583,Labyrinth
583,Hexed
583,Offer
583,Storm Watch
583,20XX
583,Bubbly
584,Offer
585,Dissolver
585,Heatwave
585,Octane
586,Apex
587,Super RX-T
587,Sticker Bomb
587,Aqueous
587,Tribal
587,Jiangshi
587,MDGA
587,Kawaii
587,Cold Front
587,Critters
587,Widow's Web
588,Hexed
588,Hexed
588,Key
588,Key
588,Parallax
588,Biomass
588,Biomass
588,Spectre
588,Tora
589,Offer
590,Hiro
590,Illuminata
590,Lustrum X10
590,RLCS
590,RLCS
590,RLCS
590,Athena
590,Buzz Kill
590,Christmas Tree
590,Thanatos
591,Octane
592,Offer
592,Witch's Hat
592,Witch's Hat
592,Witch's Hat
592,Sub-Zero
592,Storm Watch
592,Spectre
592,Slipstream
592,Parallax
592,Trigon
593,Triumph Crate
593,Triumph Crate
593,Triumph Crate
593,Triumph Crate
593,Triumph Crate
593,Triumph Crate
593,Triumph Crate
593,Triumph Crate
593,Triumph Crate
593,Triumph Crate
594,20XX
594,Key
594,Key
594,Key
594,Bubbly
594,Trigon
594,Hexed
594,Parallax
595,Spectre
595,Offer
596,Offer
597,Offer
598,Offer
598,Accelerator Crate
598,Champions Crate 4
598,Nitro Crate
598,Victory Crate
598,Velocity Crate
598,Turbo Crate
598,Triumph Crate
598,Player’s Choice Crate 1
598,Champions Crate 3
599,20XX
600,Triumph Crate
600,Triumph Crate
600,Triumph Crate
600,Triumph Crate
600,Triumph Crate
600,Triumph Crate
600,Triumph Crate
600,Triumph Crate
600,Triumph Crate
600,Biomass
601,Triumph Crate
601,Player’s Choice Crate 1
602,Discotheque
602,Discotheque
602,Roulette
602,Zomba
602,Equalizer
602,Kalos
602,Wonderment
602,Pulsus
603,Mantis
604,Offer
605,Triumph Crate
605,Triumph Crate
605,Triumph Crate
605,Triumph Crate
605,Triumph Crate
605,Triumph Crate
605,Triumph Crate
605,Triumph Crate
605,Triumph Crate
605,Triumph Crate
605,Triumph Crate
606,Stegosaur
606,Stegosaur
607,Anodized
608,Samurai
609,Offer
610,Dragon Lord
610,RLCS
610,Dune Racer
610,Octane
610,Apex
610,Apex
610,Offer
610,Offer
610,Offer
610,Offer
611,Blast Ray
612,Triumph Crate
613,Hypnotik
614,Labyrinth
614,Hexed
614,Spectre
614,Tora
615,Anodized
616,Accelerator Crate
616,Offer
616,Offer
616,Offer
616,Velocity Crate
616,Turbo Crate
616,Victory Crate
616,Champions Crate 1
616,Champions Crate 2
616,Champions Crate 3
616,Champions Crate 3
616,Champions Crate 3
616,Champions Crate 3
616,Champions Crate 3
616,Champions Crate 3
616,Champions Crate 3
616,Champions Crate 3
616,Champions Crate 3
617,Offer
618,Offer
618,Calculated
618,Salty
618,EQ
618,Samurai
618,REEVRB
618,Kyrios
618,Illuminata
618,Z-Plate
619,Triumph Crate
619,Offer
619,Bubbly
619,Draco
620,Octane ZSR
620,Breakout Type-S
620,Dominus GT
620,Player’s Choice Crate 1
621,Biomass
622,Velocity Crate
622,Victory Crate
622,Player’s Choice Crate 1
622,Champions Crate 4
623,Offer
624,Draco
624,Samurai
624,Dune Racer
624,Zomba
624,Zomba
625,Halo
625,Halo
625,Halo
625,Halo
625,Halo
625,Halo
625,Halo
625,Halo
625,Halo
625,Dominus GT
626,Dune Racer
626,Lightning
626,Zomba
626,Samurai
626,Ninja
626,Froggy
626,Ion
626,Kyrios
626,Infinium
626,Razzle
626,Centio V17
626,Centio V17
627,Offer
628,Chameleon
629,Hypnotik
629,Hypnotik
629,Hypnotik
629,Hypnotik
629,Zomba
629,Dieci
629,REEVRB
629,REEVRB
629,REEVRB
629,Octane
629,Octane
629,Jäger 619 RS
630,Tora
630,Labyrinth
630,Offer
630,Player’s Choice Crate 1
630,Zomba
630,Trigon
630,Storm Watch
630,Bubbly
630,Parallax
630,Draco
631,Samurai
631,Samurai
631,Samurai
631,Samurai
631,Samurai
631,Samurai
631,Samurai
631,Samurai
631,Samurai
631,Samurai
632,Slipstream
632,Parallax
633,Slipstream
634,Heatwave
634,Key
634,Key
634,Atomizer
634,20XX
634,20XX
635,Zomba
636,Halo
637,Octane
638,Offer
638,Octane
638,Bubbly
638,20XX
638,Dissolver
638,Heatwave
638,Slipstream
638,Trigon
638,Draco
639,20XX
640,Offer
641,Heatwave
641,Heatwave
641,Heatwave
642,Offer
643,20XX
643,Hexed
644,Offer
644,Nitro Crate
644,Victory Crate
644,Velocity Crate
644,Turbo Crate
644,Triumph Crate
644,Player’s Choice Crate 1
644,Accelerator Crate
644,Champions Crate 2
645,Offer
646,Offer
647,Offer
648,Hypnotik
648,Hypnotik
648,Hypnotik
649,Draco
649,Heatwave
649,Heatwave
649,Heatwave
649,Heatwave
649,Octane
650,Fireworks
650,Spectre
651,Breakout Type-S
651,Dominus GT
651,Octane ZSR
652,Heatwave
653,Offer
654,Biomass
654,Biomass
654,Biomass
654,Spectre
654,Spectre
654,Spectre
655,Offer
656,Offer
657,Victory Crate
657,Offer
658,Offer
659,Triumph Crate
660,Offer
661,20XX
662,Offer
663,Triumph Crate
664,Offer
665,Offer
666,Offer
666,Player’s Choice Crate 1
666,Champions Crate 4
666,Nitro Crate
667,Offer
668,Equalizer
668,Zomba
668,K2
669,Offer
670,Slipstream
671,Offer
672,Bubbly
673,Offer
674,Wonderment
674,ARA-51
674,Roulette
674,Roulette
674,Chrono
674,Equalizer
674,Discotheque
674,Kalos
675,Offer
675,Player’s Choice Crate 1
675,Victory Crate
675,Velocity Crate
675,Turbo Crate
675,Turbo Crate
675,Triumph Crate
675,Accelerator Crate
676,Triumph Crate
676,Triumph Crate
676,Triumph Crate
676,Triumph Crate
676,Triumph Crate
676,Triumph Crate
676,Triumph Crate
677,Player’s Choice Crate 1
677,Offer
677,Hexed
677,Biomass
677,Triumph Crate
677,Tora
677,Spectre
678,Offer
679,20XX
679,Bubbly
679,Trigon
680,Player’s Choice Crate 1
680,Nitro Crate
681,Offer
682,Tora
682,Key
682,Offer
683,Champions Crate 4
683,Player’s Choice Crate 1
683,Nitro Crate
684,Octane ZSR
684,Breakout Type-S
684,Dominus GT
685,Dieci
686,Offer
686,Player’s Choice Crate 1
686,Nitro Crate
686,Champions Crate 4
686,Hexed
686,Biomass
687,Dieci
688,Victory Crate
688,Victory Crate
688,Victory Crate
688,Victory Crate
688,Victory Crate
688,Victory Crate
688,Triumph Crate
688,Triumph Crate
688,Triumph Crate
688,Triumph Crate
688,Triumph Crate
689,Offer
690,Biomass
690,Offer
690,Offer
690,Offer
690,Offer
690,Offer
690,Labyrinth
690,Parallax
690,Hexed
690,Tora
691,Offer
692,Offer
693,Offer
694,Offer
695,Chameleon
695,Parallax
696,Offer
696,Champions Crate 4
696,Nitro Crate
696,Player’s Choice Crate 1
697,Offer
697,Player’s Choice Crate 1
697,Triumph Crate
697,Victory Crate
697,Nitro Crate
697,Velocity Crate
697,Accelerator Crate
697,Overdrive Crate
697,Turbo Crate
698,Octane
698,Biomass
698,Tora
699,Octane
700,Comet
700,Magic Missile
700,Magic Missile
700,Halo
700,Halo
700,Halo
700,Octane
700,Octane
700,Octane
700,Triumph Crate
701,Labyrinth
701,Hexed
701,Biomass
701,Offer
701,Offer
702,Player’s Choice Crate 1
702,Nitro Crate
702,Champions Crate 4
703,Offer
704,Slipstream
704,Offer
704,Labyrinth
704,Labyrinth
705,Feather
705,Ink
705,Hearts
705,Magmus
705,Lightning Yellow
705,Lightning
705,Toon Smoke
705,Treasure
705,Taco
705,Cookie Dough
706,Offer
707,Octane
708,Offer
709,Hexed
709,Offer
709,Offer
710,Spectre
710,Biomass
710,Hexed
710,Labyrinth
711,Hypnotik
712,Parallax
713,Heatwave
713,Chameleon
713,Bubbly
713,Trigon
713,20XX
713,Storm Watch
713,Slipstream
713,Parallax
713,Hexed
713,Offer
714,Biomass
714,Labyrinth
714,Spectre
715,Hearts
715,Metallic (Smooth)
715,Salty
715,Junk Food
715,Toon Smoke
715,Pigeon
715,Starbase ARC
715,Unicorn
715,Cookie Dough
715,Knitted Yarn
716,Champions Crate 4
716,Player’s Choice Crate 1
716,Nitro Crate
716,Offer
717,Offer
718,Offer
719,Bubbly
720,Offer
721,Apex
721,Heatwave
721,Dieci
721,Offer
722,Storm Watch
722,Bubbly
722,Dot Rush
723,Offer
724,Apex
724,Apex
724,Apex
724,Apex
724,Apex
724,Apex
724,Apex
725,Offer
726,Offer
726,Offer
726,Halo
726,Halo
727,Dieci
727,Sub-Zero
728,Takumi RX-T
729,Offer
730,Hexed
731,Victory Crate
731,Victory Crate
731,Victory Crate
731,Victory Crate
731,Victory Crate
731,Victory Crate
731,Triumph Crate
731,Triumph Crate
731,Triumph Crate
732,Heatwave
732,Chameleon
732,Bubbly
732,Trigon
732,20XX
732,Tora
732,Slipstream
732,Parallax
732,Player’s Choice Crate 1
732,Spectre
733,Razzle
733,Storm Watch
733,Key
733,Key
733,Key
733,Trigon
733,Wonderment
733,Wonderment
733,Dieci
733,Slipstream
734,Offer
735,Voltaic
736,Trigon
736,20XX
736,Bubbly
737,Offer
737,Hypnotik
738,Offer
739,Offer
739,Heatwave
739,20XX
740,Biomass
740,Biomass
740,Biomass
740,Biomass
740,Biomass
740,Biomass
741,RLCS
741,RLCS
741,RLCS
741,Spiralis
741,Spiralis
742,Samurai
743,Fireworks
744,Hexed
744,Hexed
744,Hexed
744,Hexed
744,Hexed
745,Slipstream
745,Biomass
745,Tora
746,Offer
747,Parallax
748,Tora
748,Tora
748,Tora
748,Tora
748,Tora
748,Tora
748,Tora
748,Tora
748,Tora
749,Apex
750,Draco
751,Offer
752,Champions Crate 4
752,Player’s Choice Crate 1
752,Triumph Crate
752,Nitro Crate
752,Sub-Zero
752,Hellfire
752,Electroshock
752,Spectre
752,Tora
752,Biomass
753,Offer
754,Halo
755,Razzle
755,Razzle
755,Parallax
755,Hypnotik
755,Septem
755,Septem
755,Septem
756,Photon
757,Offer
758,Triumph Crate
758,Triumph Crate
758,Triumph Crate
758,Triumph Crate
758,Triumph Crate
758,Triumph Crate
758,Triumph Crate
758,Triumph Crate
758,Triumph Crate
758,Triumph Crate
759,Offer
